Workbook
Name bbib10: 'Raw Data'!$N$23
Name bbib47: 'Raw Data'!$N$30
Name bbib48: 'Raw Data'!$N$35
Name bbib49: 'Raw Data'!$N$45
Name bbib54: 'Raw Data'!$R$61

Sheet Raw Data
C2: CO2 Uptake Conversions
C3: Number | D3: From 'Unit' to mmol/g | E3: Formula | F3: Notes | K3: All Units Coherent Unless Stated Otherwise
C4: 1 | D4: cm3(STP)/g | E4: "Value"/22.414
C5: 2 | D5: mg/g | E5: ("Value"/1000)/44.01
C6: 3 | D6: cm3(STP)/cm3 | E6: ("Value"/22.414)/Density | F6: Needs MOF Density | K6: Do I Need to Include Table headings for this Data???
K7: Is it worth mentioning conversions for things other than Uptake?
C8: 4 | D8: mL/g
B11: Review on Applications of Metal Organic Frameworks for CO2 Capture and the Performance Enhancement Mechanisms - Table 2 | J11: https://www.sciencedirect.com/science/article/pii/S1364032122003471?via%3Dihub
C12: Common Name | D12: CSD Code from Excel | E12: CSD Code from Lit. OR CCDC | F12: Trace Reference? | G12: Reported CO2 Uptake | H12: Reported Unit | I12: Standard Uptake, mmol/g | J12: Converted (Y/N) | K12: Formula Used (No.) | L12: Temperature, K | M12: Pressure, bar | N12: Surface Area, m2/g | O12: Pore Volume, cm3/g | P12: Pore Size Diameter, A | Q12: Density, g/cm3 | R12: Paper | S12: Table No. | T12: Notes/Questions | U12: Reference DOI
C13: Zeolite 13X | D13: =IFERROR(INDEX(Table_S12!$A$4:$A$324, MATCH(C13, Table_S12!$B$4:$B$324, 0)), "CSD Code Not Found") -> CSD Code Not Found | E13: / | G13: 7.4 | H13: mmol/g | I13: =G13 -> 7.4 | J13: N | L13: 298 | M13: 32 bar | N13: ND | O13: ND | P13: / | Q13: / | R13: [10] | S13: 2 | T13: BET Surface Areas | U13: A.R. Millward, O.M. Yaghi Metal-organic frameworks with exceptionally high capacity for storage of carbon dioxide at room temperature J Am Chem Soc, 127 (51) (2005), pp. 17998-17999
C14: MOF-2 | D14: =IFERROR(INDEX(Table_S12!$A$4:$A$324, MATCH(C14, Table_S12!$B$4:$B$324, 0)), "CSD Code Not Found") -> CSD Code Not Found | E14: ADUWON | G14: 3.2 | H14: mmol/g | I14: =G14 -> 3.2 | J14: N | L14: 298 | M14: 32 bar | N14: 345 | O14: / | P14: / | Q14: / | S14: 2 | U14: ^^^
C15: MOF-74 (Zn) | D15: =IFERROR(INDEX(Table_S12!$A$4:$A$324, MATCH(C15, Table_S12!$B$4:$B$324, 0)), "CSD Code Not Found") -> CSD Code Not Found | E15: ORIVOC | G15: 10.4 | H15: mmol/g | I15: =G15 -> 10.4 | J15: N | L15: 298 | M15: 32 bar | N15: 816 | O15: / | P15: / | Q15: / | S15: 2 | U15: ^^^
C16: MOF-505 | D16: =IFERROR(INDEX(Table_S12!$A$4:$A$324, MATCH(C16, Table_S12!$B$4:$B$324, 0)), "CSD Code Not Found") -> CSD Code Not Found | E16: LASYOU/RUVKAV | G16: 10.2 | H16: mmol/g | I16: =G16 -> 10.2 | J16: N | L16: 298 | M16: 32 bar | N16: 1547 | O16: / | P16: / | Q16: / | S16: 2 | U16: ^^^
C17: Cu3(BTC)2 (HKUST-1) | D17: =IFERROR(INDEX(Table_S12!$A$4:$A$324, MATCH(C17, Table_S12!$B$4:$B$324, 0)), "CSD Code Not Found") -> CSD Code Not Found | E17: DOTSOV 42 | G17: 10.7 | H17: mmol/g | I17: =G17 -> 10.7 | J17: N | L17: 298 | M17: 32 bar | N17: 1781 | O17: / | P17: / | Q17: / | S17: 2 | U17: ^^^
C18: MOF-177 | D18: =IFERROR(INDEX(Table_S12!$A$4:$A$324, MATCH(C18, Table_S12!$B$4:$B$324, 0)), "CSD Code Not Found") -> CSD Code Not Found | E18: BABRII | G18: 33.5 | H18: mmol/g | I18: =G18 -> 33.5 | J18: N | L18: 298 | M18: 32 bar | N18: 4508 | O18: / | P18: / | Q18: / | S18: 2 | U18: ^^^
H19: mmol/g
C20: MIL-100 (Fe) | D20: =IFERROR(INDEX(Table_S12!$A$4:$A$324, MATCH(C20, Table_S12!$B$4:$B$324, 0)), "CSD Code Not Found") -> CSD Code Not Found | E20: CIGXIA | G20: 18 | H20: mmol/g | I20: =G20 -> 18 | J20: N | L20: 304 | M20: 50 bar | N20: 1900 | O20: 1.1 | P20: / | Q20: / | R20: [47] | S20: 2 | U20: P.L. Llewellyn, S. Bourrelly, C. Serre, A. Vimont, M. Daturi, I. Hamon, L.S. Hwa Jhung High uptakes of CO2 and CH4 in mesoporous metal-organic frameworks MIL-100 and MIL-101 Langmuir, 24 (14) (2008), pp. 7245-7250
C21: MIL-101a | D21: =IFERROR(INDEX(Table_S12!$A$4:$A$324, MATCH(C21, Table_S12!$B$4:$B$324, 0)), "CSD Code Not Found") -> CSD Code Not Found | E21: OCUNAC | G21: 28 | H21: mmol/g | I21: =G21 -> 28 | J21: N | L21: 304 | M21: 50 bar | N21: 2800 | O21: 1.37 | P21: / | Q21: / | S21: 2 | U21: ^^^
C22: MIL-101b | D22: =IFERROR(INDEX(Table_S12!$A$4:$A$324, MATCH(C22, Table_S12!$B$4:$B$324, 0)), "CSD Code Not Found") -> CSD Code Not Found | E22: OCUNAC | G22: 34 | H22: mmol/g | I22: =G22 -> 34 | J22: N | L22: 304 | M22: 50 bar | N22: 3780 | O22: 1.74 | P22: / | Q22: / | S22: 2 | U22: ^^^
C23: MIL-101c | D23: =IFERROR(INDEX(Table_S12!$A$4:$A$324, MATCH(C23, Table_S12!$B$4:$B$324, 0)), "CSD Code Not Found") -> CSD Code Not Found | E23: OCUNAC | G23: 40 | H23: mmol/g | I23: =G23 -> 40 | J23: N | L23: 304 | M23: 50 bar | N23: 4230 | O23: 2.15 | P23: / | Q23: / | S23: 2 | U23: ^^^
H24: mmol/g
C25: MOF-177 | D25: =IFERROR(INDEX(Table_S12!$A$4:$A$324, MATCH(C25, Table_S12!$B$4:$B$324, 0)), "CSD Code Not Found") -> CSD Code Not Found | E25: BABRII | G25: 35.2 | H25: mmol/g | I25: =G25 -> 35.2 | J25: N | L25: 298 | M25: 50 bar | N25: 4500 | O25: 1.89 | P25: / | Q25: / | R25: [48] | S25: 2 | U25: H. Furukawa, N. Ko, Y.B. Go, N. Aratani, S.B. Choi, E. Choi, O.M. Yaghi Ultrahigh porosity in metal-organic frameworks Science, 329 (5990) (2010), pp. 424-428
C26: MOF-205 | D26: =IFERROR(INDEX(Table_S12!$A$4:$A$324, MATCH(C26, Table_S12!$B$4:$B$324, 0)), "CSD Code Not Found") -> CSD Code Not Found | E26: SUKXUS01 | G26: 38.1 | H26: mmol/g | I26: =G26 -> 38.1 | J26: N | L26: 298 | M26: 50 bar | N26: 4460 | O26: 2.16 | P26: / | Q26: / | S26: 2 | U26: ^^^
C27: MOF-200 | D27: =IFERROR(INDEX(Table_S12!$A$4:$A$324, MATCH(C27, Table_S12!$B$4:$B$324, 0)), "CSD Code Not Found") -> CSD Code Not Found | E27: CUSXOE | G27: 64.3 | H27: mmol/g | I27: =G27 -> 64.3 | J27: N | L27: 298 | M27: 50 bar | N27: 4530 | O27: 3.59 | P27: / | Q27: / | S27: 2 | U27: ^^^
C28: MOF-210 | D28: =IFERROR(INDEX(Table_S12!$A$4:$A$324, MATCH(C28, Table_S12!$B$4:$B$324, 0)), "CSD Code Not Found") -> CSD Code Not Found | E28: CUSYAR | G28: 65.2 | H28: mmol/g | I28: =G28 -> 65.2 | J28: N | L28: 298 | M28: 50 bar | N28: 6240 | O28: 3.6 | P28: / | Q28: / | S28: 2 | U28: ^^^
H29: mmol/g
C30: IRMOF-11 | D30: =IFERROR(INDEX(Table_S12!$A$4:$A$324, MATCH(C30, Table_S12!$B$4:$B$324, 0)), "CSD Code Not Found") -> CSD Code Not Found | E30: EDUVEE | G30: 14.7 | H30: mmol/g | I30: =G30 -> 14.7 | J30: N | L30: 298 | M30: 32 bar | N30: 2096 | O30: ND | P30: / | Q30: / | R30: [10] | S30: 2 | U30: A.R. Millward, O.M. Yaghi Metal-organic frameworks with exceptionally high capacity for storage of carbon dioxide at room temperature J Am Chem Soc, 127 (51) (2005), pp. 17998-17999
C31: IRMOF-3 | D31: =IFERROR(INDEX(Table_S12!$A$4:$A$324, MATCH(C31, Table_S12!$B$4:$B$324, 0)), "CSD Code Not Found") -> CSD Code Not Found | E31: EDUSUR | G31: 18.7 | H31: mmol/g | I31: =G31 -> 18.7 | J31: N | L31: 298 | M31: 32 bar | N31: 2160 | O31: / | P31: / | Q31: / | S31: 2 | U31: ^^^
C32: IRMOF-6 | D32: =IFERROR(INDEX(Table_S12!$A$4:$A$324, MATCH(C32, Table_S12!$B$4:$B$324, 0)), "CSD Code Not Found") -> CSD Code Not Found | E32: EDUTIG | G32: 19.5 | H32: mmol/g | I32: =G32 -> 19.5 | J32: N | L32: 298 | M32: 32 bar | N32: 2516 | O32: / | P32: / | Q32: / | S32: 2 | U32: ^^^
C33: IRMOF-1 | D33: =IFERROR(INDEX(Table_S12!$A$4:$A$324, MATCH(C33, Table_S12!$B$4:$B$324, 0)), "CSD Code Not Found") -> CSD Code Not Found | E33: EDUSIF | G33: 21.7 | H33: mmol/g | I33: =G33 -> 21.7 | J33: N | L33: 298 | M33: 32 bar | N33: 2833 | O33: / | P33: / | Q33: / | S33: 2 | U33: ^^^
C35: PCN-61 | D35: =IFERROR(INDEX(Table_S12!$A$4:$A$324, MATCH(C35, Table_S12!$B$4:$B$324, 0)), "CSD Code Not Found") -> VUJBIM | E35: VUJBIM | G35: 23.5 | H35: mmol/g | I35: =G35 -> 23.5 | J35: N | L35: 298 | M35: 35 bar | N35: 3000 | O35: 1.36 | P35: / | Q35: / | R35: [49] | S35: 2 | U35: D. Yuan, D. Zhao, D. Sun, H.C. Zhou An isoreticular series of metal–organic frameworks with dendritic hexacarboxylate ligands and exceptionally high gas-uptake capacity Angew Chem, 122 (31) (2010), pp. 5485-548
C36: PCN-66 | D36: =IFERROR(INDEX(Table_S12!$A$4:$A$324, MATCH(C36, Table_S12!$B$4:$B$324, 0)), "CSD Code Not Found") -> CSD Code Not Found | E36: VUJBOS | G36: 26.3 | H36: mmol/g | I36: =G36 -> 26.3 | J36: N | L36: 298 | M36: 35 bar | N36: 4000 | O36: 1.63 | P36: / | Q36: / | S36: 2 | U36: ^^^
C37: PCN-68 | D37: =IFERROR(INDEX(Table_S12!$A$4:$A$324, MATCH(C37, Table_S12!$B$4:$B$324, 0)), "CSD Code Not Found") -> HABRAF | E37: HABRAF | G37: 30.4 | H37: mmol/g | I37: =G37 -> 30.4 | J37: N | L37: 298 | M37: 35 bar | N37: 5109 | O37: 2.13 | P37: / | Q37: / | S37: 2 | U37: ^^^
B39: Review on Applications of Metal Organic Frameworks for CO2 Capture and the Performance Enhancement Mechanisms - Table 3
C40: HKUST-1 | D40: =IFERROR(INDEX(Table_S12!$A$4:$A$324, MATCH(C40, Table_S12!$B$4:$B$324, 0)), "CSD Code Not Found") -> DOTSOV42 | E40: DOTSOV42 | G40: 5.1 | H40: mmol/g | I40: =G40 -> 5.1 | J40: N | L40: 295 | M40: 1 | N40: 2134 | O40: / | P40: 5.05/10.45/12.4 | Q40: / | R40: [50] | S40: 3 | T40: Geometric Surface Area | U40: A.O. Yazaydin, R.Q. Snurr, T.H. Park, K. Koh, J. Liu, M.D. LeVan, A.I. Benin, P. Jakubczak, M. Lanuza, D.B. Galloway, J.J. Low Screening of metal-organic frameworks for carbon dioxide capture from flue gas using a combined experimental and modeling approach J Am Chem Soc, 131 (51) (2009), pp. 18198-18199
C41: UMCM-150 | D41: =IFERROR(INDEX(Table_S12!$A$4:$A$324, MATCH(C41, Table_S12!$B$4:$B$324, 0)), "CSD Code Not Found") -> CSD Code Not Found | E41: OKABEI | G41: 2.6 | H41: mmol/g | I41: =G41 -> 2.6 | J41: N | L41: 298 | M41: 1 | N41: 3236 | O41: / | P41: 9.25/10.55/13.25 | Q41: / | S41: 3 | U41: ^^^
C42: UMCM-150(N)2 | D42: =IFERROR(INDEX(Table_S12!$A$4:$A$324, MATCH(C42, Table_S12!$B$4:$B$324, 0)), "CSD Code Not Found") -> CSD Code Not Found | E42: OKABAE | G42: 2.7 | H42: mmol/g | I42: =G42 -> 2.7 | J42: N | L42: 298 | M42: 1 | N42: 3110 | O42: / | P42: 9.45/11.55/13.35 | Q42: / | S42: 3 | U42: ^^^
C43: MIL-47 | D43: =IFERROR(INDEX(Table_S12!$A$4:$A$324, MATCH(C43, Table_S12!$B$4:$B$324, 0)), "CSD Code Not Found") -> CSD Code Not Found | E43: HEJPIZ | G43: 2 | H43: mmol/g | I43: =G43 -> 2 | J43: N | L43: 298 | M43: 1 | N43: 1511 | O43: / | P43: 7.35 | Q43: / | S43: 3 | U43: ^^^
C44: MOF-177 | D44: =IFERROR(INDEX(Table_S12!$A$4:$A$324, MATCH(C44, Table_S12!$B$4:$B$324, 0)), "CSD Code Not Found") -> CSD Code Not Found | E44: BABRII | G44: 1.6 | H44: mmol/g | I44: =G44 -> 1.6 | J44: N | L44: 298 | M44: 1 | N44: 4833 | O44: / | P44: 10.45 | Q44: / | S44: 3 | U44: ^^^
C45: IRMOF-3 | D45: =IFERROR(INDEX(Table_S12!$A$4:$A$324, MATCH(C45, Table_S12!$B$4:$B$324, 0)), "CSD Code Not Found") -> CSD Code Not Found | E45: EDUSUR | G45: 1.1 | H45: mmol/g | I45: =G45 -> 1.1 | J45: N | L45: 298 | M45: 1 | N45: 3365 | O45: / | P45: 8.65/14.25 | Q45: / | S45: 3 | U45: ^^^
C46: UMCM-1 | D46: =IFERROR(INDEX(Table_S12!$A$4:$A$324, MATCH(C46, Table_S12!$B$4:$B$324, 0)), "CSD Code Not Found") -> CSD Code Not Found | E46: KISXIU | G46: 0.9 | H46: mmol/g | I46: =G46 -> 0.9 | J46: N | L46: 298 | M46: 1 | N46: 4972 | O46: / | P46: 10.45/14.05/23.75 | Q46: / | S46: 3 | U46: ^^^
C47: IRMOF-1 | D47: =IFERROR(INDEX(Table_S12!$A$4:$A$324, MATCH(C47, Table_S12!$B$4:$B$324, 0)), "CSD Code Not Found") -> CSD Code Not Found | E47: EDUSIF | G47: 0.8 | H47: mmol/g | I47: =G47 -> 0.8 | J47: N | L47: 298 | M47: 1 | N47: 3562 | O47: / | P47: 11.25/14.45 | Q47: / | S47: 3 | U47: ^^^
B49: Review on Applications of Metal Organic Frameworks for CO2 Capture and the Performance Enhancement Mechanisms - Table 4
C50: Zn-MOF-74 | D50: =IFERROR(INDEX(Table_S12!$A$4:$A$324, MATCH(C50, Table_S12!$B$4:$B$324, 0)), "CSD Code Not Found") -> CSD Code Not Found | E50: ORIVOC | G50: 5.5 | H50: mmol/g | I50: 5.5 | J50: N | L50: 298 | M50: 1.013 | N50: 816 | O50: ND | P50: / | Q50: / | R50: [50] | S50: 4 | T50: BET Surface Area & pressure was converted from Atm | U50: A.O. Yazaydin, R.Q. Snurr, T.H. Park, K. Koh, J. Liu, M.D. LeVan, A.I. Benin, P. Jakubczak, M. Lanuza, D.B. Galloway, J.J. Low Screening of metal-organic frameworks for carbon dioxide capture from flue gas using a combined experimental and modeling approach J Am Chem Soc, 131 (51) (2009), pp. 18198-18199
C51: Ni-MOF-74 | D51: =IFERROR(INDEX(Table_S12!$A$4:$A$324, MATCH(C51, Table_S12!$B$4:$B$324, 0)), "CSD Code Not Found") -> CSD Code Not Found | E51: ORIVUI | G51: 5.8 | H51: mmol/g | I51: 5.8 | J51: N | L51: 298 | M51: 1.013 | N51: 1070 | O51: / | P51: / | Q51: / | S51: 4 | U51: ^^^
C52: Co-MOF-74 | D52: =IFERROR(INDEX(Table_S12!$A$4:$A$324, MATCH(C52, Table_S12!$B$4:$B$324, 0)), "CSD Code Not Found") -> CSD Code Not Found | E52: ORIWAP | G52: 7 | H52: mmol/g | I52: 7 | J52: N | L52: 298 | M52: 1.013 | N52: 1080 | O52: / | P52: / | Q52: / | S52: 4 | U52: ^^^
C53: Mg-MOF-74 | D53: =IFERROR(INDEX(Table_S12!$A$4:$A$324, MATCH(C53, Table_S12!$B$4:$B$324, 0)), "CSD Code Not Found") -> CSD Code Not Found | E53: / | G53: 8.5 | H53: mmol/g | I53: 8.5 | J53: N | L53: 298 | M53: 1.013 | N53: 1495 | O53: / | P53: / | Q53: / | S53: 4 | U53: ^^^
L54: 298 | M54: 1.013 | O54: / | P54: / | Q54: /
C55: MOF-74-Co1 | D55: =IFERROR(INDEX(Table_S12!$A$4:$A$324, MATCH(C55, Table_S12!$B$4:$B$324, 0)), "CSD Code Not Found") -> CSD Code Not Found | E55: ORIWAP | G55: 3.4 | H55: mmol/g | I55: 3.4 | J55: N | L55: 298 | M55: 1.013 | N55: 2941 | O55: 1.77 | P55: / | Q55: / | R55: [52] | S55: 4 | U55: D. Britt, H. Furukawa, B. Wang, T.G. Glover, O.M. Yaghi Highly efficient separation of carbon dioxide by a metal-organic framework replete with open metal sites P Natl A Sci, 106 (49) (2009), pp. 20637-20640
C56: MOF-74-Co2 | D56: =IFERROR(INDEX(Table_S12!$A$4:$A$324, MATCH(C56, Table_S12!$B$4:$B$324, 0)), "CSD Code Not Found") -> CSD Code Not Found | E56: ORIWAP | G56: 4.1 | H56: mmol/g | I56: 4.1 | J56: N | L56: 298 | M56: 1.013 | N56: 2712 | O56: 1.38 | P56: / | Q56: / | S56: 4 | U56: ^^^
C57: MOF-74-Co3 | D57: =IFERROR(INDEX(Table_S12!$A$4:$A$324, MATCH(C57, Table_S12!$B$4:$B$324, 0)), "CSD Code Not Found") -> CSD Code Not Found | E57: ORIWAP | G57: 3.9 | H57: mmol/g | I57: 3.9 | J57: N | L57: 298 | M57: 1.013 | N57: 2065 | O57: 1.15 | P57: / | Q57: / | S57: 4 | U57: ^^^
C59: AMINO-MIL-53 (AI) | D59: =IFERROR(INDEX(Table_S12!$A$4:$A$324, MATCH(C59, Table_S12!$B$4:$B$324, 0)), "CSD Code Not Found") -> CSD Code Not Found | E59: HEJPAR | G59: 6.7 | H59: mmol/g | I59: 6.7 | J59: N | L59: 313 | M59: ND | N59: 675 | O59: 0.22 | P59: / | Q59: / | R59: [53] | S59: 4 | U59: W. Meng, Y. Zeng, Z. Liang, W. Guo, C. Zhi, Y. Wu, R. Zhong, C. Qu, R. Zou Tuning expanded pores in metal–organic frameworks for selective capture and catalytic conversion of carbon dioxide ChemSusChem, 11 (21) (2018), pp. 3751-3757
C61: BIO_MOF-11 | D61: =IFERROR(INDEX(Table_S12!$A$4:$A$324, MATCH(C61, Table_S12!$B$4:$B$324, 0)), "CSD Code Not Found") -> CSD Code Not Found | E61: YUVSUE | G61: 6 | H61: mmol/g | I61: 6 | J61: N | L61: 273 | M61: 1.013 | N61: ND | O61: ND | P61: / | Q61: / | R61: [54] | S61: 4 | U61: J. Gascon, U. Aktay, M.D. Hernandez-Alonso, G.P. van Klink, F. Kapteijn Amino-based metal-organic frameworks as stable, highly active basic catalysts J Catal, 261 (1) (2009), pp. 75-87
B63: Review on Applications of Metal Organic Frameworks for CO2 Capture and the Performance Enhancement Mechanisms - Table 5
C64: ZIF-8 | D64: =IFERROR(INDEX(Table_S12!$A$4:$A$324, MATCH(C64, Table_S12!$B$4:$B$324, 0)), "CSD Code Not Found") -> FAWCEN | E64: CUBYAD | G64: 1 | H64: mmol/g | I64: =G64 -> 1 | L64: 298 | M64: 1 | N64: 1135 | O64: / | P64: 1.16nm | Q64: / | R64: [60] | S64: 5 | U64: R. Banerjee, A. Phan, B. Wang, C. Knobler, H. Furukawa, M. O'Keeffe, O.M. Yaghi High-throughput synthesis of zeolitic imidazolate frameworks and application to CO2 capture Science, 319 (5865) (2008), pp. 939-943
C66: ZIF-7 | D66: =IFERROR(INDEX(Table_S12!$A$4:$A$324, MATCH(C66, Table_S12!$B$4:$B$324, 0)), "CSD Code Not Found") -> CSD Code Not Found | E66: QOVXAC | G66: 2.3 | H66: mmol/g | I66: =G66 -> 2.3 | L66: 273 | M66: 0.1 | N66: 240 | O66: / | P66: 0.29nm | Q66: / | R66: [62] | S66: 5 | U66: A. Noguera‐Díaz, J. Villarroel‐Rocha, V.P. Ting, N. Bimbo, K. Sapag, T.J. Mays Flexible ZIFs: probing guest‐induced flexibility with CO2, N2 and Ar adsorption J Chem Technol Biotechnol, 94 (12) (2019), pp. 3787-3792
C67: ZIF-9 | D67: =IFERROR(INDEX(Table_S12!$A$4:$A$324, MATCH(C67, Table_S12!$B$4:$B$324, 0)), "CSD Code Not Found") -> CSD Code Not Found | E67: QOVXEG | G67: 2 | H67: mmol/g | I67: =G67 -> 2 | L67: 273 | M67: 0.1 | N67: 224 | O67: / | P67: 0.29nm | Q67: / | S67: 5 | U67: ^^^
C68: ZIF-12 | D68: =IFERROR(INDEX(Table_S12!$A$4:$A$324, MATCH(C68, Table_S12!$B$4:$B$324, 0)), "CSD Code Not Found") -> CSD Code Not Found | E68: VEJZUG | G68: 2.1 | H68: mmol/g | I68: =G68 -> 2.1 | L68: 273 | M68: 0.1 | N68: 671 | O68: / | P68: 0.32nm | Q68: / | S68: 5 | U68: ^^^
C69: ZIF-69 | D69: =IFERROR(INDEX(Table_S12!$A$4:$A$324, MATCH(C69, Table_S12!$B$4:$B$324, 0)), "CSD Code Not Found") -> CSD Code Not Found | E69: GITVAH | G69: ~3.1 | H69: mmol/g | I69: =G69 -> ~3.1 | L69: 273 | M69: ~1 | N69: 950 | O69: / | P69: 0.78nm | Q69: / | S69: 5 | T69: Why can Values be approximated? | U69: ^^^
C71: ZIF-78 | D71: =IFERROR(INDEX(Table_S12!$A$4:$A$324, MATCH(C71, Table_S12!$B$4:$B$324, 0)), "CSD Code Not Found") -> CSD Code Not Found | E71: CIZTEO | F71: CAN ONLY FIND ZIF-78-Co | G71: ZIF-78 > ZIF-82, -81, −69 > ZIF-68,-79 > ZIF-70 | H71: mmol/g | I71: look | L71: 298 | M71: 1 | N71: 620 | O71: / | P71: 0.71nm | Q71: / | R71: [21] | S71: 5 | T71: What on earth is this uptake? | U71: R. Banerjee, H. Furukawa, D. Britt, C. Knobler, M. O'Keeffe, O.M. Yaghi Control of pore size and functionality in isoreticular zeolitic imidazolate frameworks and their carbon dioxide selective capture properties J Am Chem Soc, 131 (11) (2009), pp. 3875-3877
C72: ZIF-81 | D72: =IFERROR(INDEX(Table_S12!$A$4:$A$324, MATCH(C72, Table_S12!$B$4:$B$324, 0)), "CSD Code Not Found") -> CSD Code Not Found | E72: RIRDIH | G72: ^^^ | H72: mmol/g | I72: look | L72: 298 | M72: 1 | N72: 760 | O72: / | P72: 0.74nm | Q72: / | S72: 5 | U72: ^^^
C73: ZIF-79 | D73: =IFERROR(INDEX(Table_S12!$A$4:$A$324, MATCH(C73, Table_S12!$B$4:$B$324, 0)), "CSD Code Not Found") -> CSD Code Not Found | E73: CIZTOY | F73: CAN ONLY FIND ZIF-79-Co | G73: Look at the relevant table for these | H73: mmol/g | I73: look | L73: 298 | M73: 1 | N73: 810 | O73: / | P73: 0.75nm | Q73: / | S73: 5 | U73: ^^^
C74: ZIF-69 | D74: =IFERROR(INDEX(Table_S12!$A$4:$A$324, MATCH(C74, Table_S12!$B$4:$B$324, 0)), "CSD Code Not Found") -> CSD Code Not Found | E74: GITVAH | H74: mmol/g | I74: look | L74: 298 | M74: 1 | N74: 950 | O74: / | P74: 0.78nm | Q74: / | S74: 5 | U74: ^^^
C75: ZIF-68 | D75: =IFERROR(INDEX(Table_S12!$A$4:$A$324, MATCH(C75, Table_S12!$B$4:$B$324, 0)), "CSD Code Not Found") -> CSD Code Not Found | E75: CIZSUD | F75: CAN ONLY FIND ZIF-68-Co | H75: mmol/g | I75: look | L75: 298 | M75: 1 | N75: 1090 | O75: / | P75: 1.03nm | Q75: / | S75: 5 | U75: ^^^
C76: ZIF-82 | D76: =IFERROR(INDEX(Table_S12!$A$4:$A$324, MATCH(C76, Table_S12!$B$4:$B$324, 0)), "CSD Code Not Found") -> CSD Code Not Found | E76: / | F76: MAYBE YAGCAL?? | I76: look | L76: 298 | M76: 1 | N76: 1300 | O76: / | P76: 1.23nm | Q76: / | S76: 5 | U76: ^^^
B78: Research progress of Metal Organic Frameworks Based Materials for CO2 Capture and CO2 to Alcohols Conversion - Table 1 | J78: https://www.sciencedirect.com/science/article/pii/S001085452300382X?via%3Dihub
C79: Common Name | D79: CSD Code | E79: CSD Code from Lit. | F79: Trace Reference? | G79: Reported CO2 Uptake | H79: Reported Unit | I79: CO2 Adsorption Capacity, mmol/g | J79: Adsorption Selectivity (CO2/N2=0.15/0.85) | K79: Q, KJ/mol | L79: Standard Uptake, mmol/g | M79: Converted (Y/N) | N79: Formula Used (No.) | O79: Temperature, K | P79: Pressure, bar | Q79: Surface Area, m2/g | R79: Pore Volume, cm3/g | S79: Pore Size Diameter, A | T79: Density, g/cm3 | U79: Paper | V79: Table No. | W79: Notes/Questions | X79: Reference DOI
C80: Mg-MOF-74 | D80: =IFERROR(INDEX(Table_S12!$A$4:$A$324, MATCH(C80, Table_S12!$B$4:$B$324, 0)), "CSD Code Not Found") -> CSD Code Not Found | E80: / | I80: 1.49 | J80: / | K80: 27.66 | O80: 273,1 | P80: / | Q80: / | R80: / | S80: / | T80: / | U80: [46] | W80: Adsorption Capacity ISN'T the same as Uptake? Thus, I use heat and selectivity to calculate? | X80: Z.Y. Gao, L. Liang, X. Zhang, P. Xu, J.M. Sun Facile one-pot synthesis of zn/mg-MOF-74 with unsaturated coordination metal centers for efficient CO2 adsorption and conversion to cyclic carbonates ACS Appl. Mater. Interfaces, 13 (2021), pp. 61334-61345, 10.1021/acsami.1c20878
C81: Zn-MOF-74 | D81: =IFERROR(INDEX(Table_S12!$A$4:$A$324, MATCH(C81, Table_S12!$B$4:$B$324, 0)), "CSD Code Not Found") -> CSD Code Not Found | E81: ORIVOC | I81: 2.44 | J81: / | K81: 27.85 | O81: 273,1 | P81: / | Q81: / | R81: / | S81: / | T81: / | W81: Original Table includes "Functional" and "Linkers", what are these? | X81: ^^^
C82: Zn0.75Mg0.25-MOF-74 | D82: =IFERROR(INDEX(Table_S12!$A$4:$A$324, MATCH(C82, Table_S12!$B$4:$B$324, 0)), "CSD Code Not Found") -> CSD Code Not Found | E82: ORIVOC | I82: 3.99 | J82: / | K82: 32.11 | O82: 273,1 | P82: / | Q82: 667.6 | R82: / | S82: / | T82: / | X82: ^^^
C83: Cu-OATA | D83: =IFERROR(INDEX(Table_S12!$A$4:$A$324, MATCH(C83, Table_S12!$B$4:$B$324, 0)), "CSD Code Not Found") -> CSD Code Not Found | E83: / | I83: 2.24 | J83: 43.8 | K83: 25 | O83: 298,1 | P83: / | Q83: / | R83: / | S83: / | T83: / | U83: [47] | X83: Y. Guclu, H. Erer, H. Demiral, C. Altintas, S. Keskin, N. Tumanov, B.L. Su, F. Semerci Oxalamide-functionalized metal organic frameworks for CO2 adsorption ACS Appl. Mater. Interfaces, 13 (2021), pp. 33188-33198
C84: Cu(I)Zn@MIL-100(Fe)-10 | D84: =IFERROR(INDEX(Table_S12!$A$4:$A$324, MATCH(C84, Table_S12!$B$4:$B$324, 0)), "CSD Code Not Found") -> CSD Code Not Found | E84: / | I84: 0.4 | J84: / | K84: 58 | O84: 298,1 | P84: / | Q84: / | R84: / | S84: / | T84: / | U84: [48] | X84: V.N. Le, T.K. Vo, J.H. Lee, J.C. Kim, T.H. Kim, K.H. Oh, Y.S. Bae, S.K. Kwak, J. Kim A novel approach to prepare Cu(i)Zn@MIL-100(Fe) adsorbent with high co adsorption capacity, CO/CO2 selectivity and stability via controlled host-guest redox reaction Chem. Eng. J., 404 (2021), Article 126492
C85: MOF-808 | D85: =IFERROR(INDEX(Table_S12!$A$4:$A$324, MATCH(C85, Table_S12!$B$4:$B$324, 0)), "CSD Code Not Found") -> CSD Code Not Found | E85: BOHWUS | I85: 1.36 | J85: 40 | K85: 34 | O85: 298,1 | P85: / | Q85: / | R85: / | S85: / | T85: / | U85: [50] | X85: J.M. Park, D.K. Yoo, S.H. Jhung Selective CO2 adsorption over functionalized Zr-based metal organic framework under atmospheric or lower pressure: Contribution of functional groups to adsorption Chem. Eng. J., 402 (2020), Article 126254
C86: MOF-808-EDTA | D86: =IFERROR(INDEX(Table_S12!$A$4:$A$324, MATCH(C86, Table_S12!$B$4:$B$324, 0)), "CSD Code Not Found") -> CSD Code Not Found | E86: BOHWUS | I86: 1.48 | J86: 48 | K86: 40 | O86: 298,1 | P86: / | Q86: / | R86: / | S86: / | T86: / | X86: ^^^
C87: MOF-808-EDTA-ED-1.2 | D87: =IFERROR(INDEX(Table_S12!$A$4:$A$324, MATCH(C87, Table_S12!$B$4:$B$324, 0)), "CSD Code Not Found") -> CSD Code Not Found | E87: BOHWUS | I87: 1.62 | J87: 197 | K87: 48 | O87: 298,1 | P87: / | Q87: / | R87: / | S87: / | T87: / | X87: ^^^
C88: Mg2(dobpdc)(3-4-3) | D88: =IFERROR(INDEX(Table_S12!$A$4:$A$324, MATCH(C88, Table_S12!$B$4:$B$324, 0)), "CSD Code Not Found") -> CSD Code Not Found | E88: / | I88: 2 | J88: / | K88: / | O88: 273,0.04 | P88: / | Q88: / | R88: / | S88: / | T88: / | U88: [55] | X88: E.J. Kim, R.L. Siegelman, H.Z.H. Jiang, A.C. Forse, J.H. Lee, J.D. Martell, P.J. Milner, J.M. Falkowski, J.B. Neaton, J.A. Reimer, S.C. Weston, J.R. Long Cooperative carbon capture and steam regeneration with tetraamine-appended metal-organic frameworks Science, 369 (2020), p. 392-+
C89: MOF-808-DL-Lys | D89: =IFERROR(INDEX(Table_S12!$A$4:$A$324, MATCH(C89, Table_S12!$B$4:$B$324, 0)), "CSD Code Not Found") -> CSD Code Not Found | E89: BOWHUS | I89: 1.04 | J89: / | K89: 80 | O89: 298,0.15 | P89: / | Q89: / | R89: / | S89: / | T89: / | U89: [57] | X89: H. Lyu, O.I.F. Chen, N. Hanikel, M.I. Hossain, R.W. Flaig, X.K. Pei, A. Amin, M.D. Doherty, R.K. Impastato, T.G. Glover, D.R. Moore, O.M. Yaghi Carbon dioxide capture chemistry of amino acid functionalized metal-organic frameworks in humid flue gas J. Am. Chem. Soc., 144 (2022), pp. 2387-2396
C90: MOF-808-Gly | D90: =IFERROR(INDEX(Table_S12!$A$4:$A$324, MATCH(C90, Table_S12!$B$4:$B$324, 0)), "CSD Code Not Found") -> CSD Code Not Found | E90: QAYBOL | I90: 0.54 | J90: / | K90: 46 | O90: 298,0.15 | P90: / | Q90: / | R90: / | S90: / | T90: / | X90: ^^^
C91: NaOH CDMOF | D91: =IFERROR(INDEX(Table_S12!$A$4:$A$324, MATCH(C91, Table_S12!$B$4:$B$324, 0)), "CSD Code Not Found") -> CSD Code Not Found | E91: WEJBAS | F91: PARENT | I91: 1.98 | J91: / | K91: 22.7 | O91: 313,1 | P91: / | Q91: / | R91: / | S91: / | T91: / | U91: [58] | X91: M.E. Zick, S.M. Pugh, J.-H. Lee, A.C. Forse, P.J. Milner, Carbon dioxide capture at nucleophilic hydroxide sites in oxidation-resistant cyclodextrin-based metal–organic frameworks**, Angew. Chem. Int. Ed. 61(2022) e202206718. http://dx.doi.org/https://doi.org/10.1002/anie.202206718.
C92: RbOH CDMOF | D92: =IFERROR(INDEX(Table_S12!$A$4:$A$324, MATCH(C92, Table_S12!$B$4:$B$324, 0)), "CSD Code Not Found") -> CSD Code Not Found | E92: WEJBAS | I92: 2.15 | J92: / | K92: 25.2 | O92: 313,1 | P92: / | Q92: / | R92: / | S92: / | T92: / | X92: ^^^
C93: CsOH CDMOF | D93: =IFERROR(INDEX(Table_S12!$A$4:$A$324, MATCH(C93, Table_S12!$B$4:$B$324, 0)), "CSD Code Not Found") -> CSD Code Not Found | E93: WEJBAS | I93: 2.65 | J93: / | K93: 22 | O93: 313,1 | P93: / | Q93: / | R93: / | S93: / | T93: / | X93: ^^^
C94: KOH CDMOF | D94: =IFERROR(INDEX(Table_S12!$A$4:$A$324, MATCH(C94, Table_S12!$B$4:$B$324, 0)), "CSD Code Not Found") -> CSD Code Not Found | E94: WEJBAS | I94: 2.04 | J94: / | K94: 18.8 | O94: 313,1 | P94: / | Q94: / | R94: / | S94: / | T94: / | X94: ^^^
C95: KHCO3 CD-MOF | D95: =IFERROR(INDEX(Table_S12!$A$4:$A$324, MATCH(C95, Table_S12!$B$4:$B$324, 0)), "CSD Code Not Found") -> CSD Code Not Found | E95: WEJBAS | I95: 2.5 | J95: / | K95: 19.4 | O95: 313,1 | P95: / | Q95: / | R95: / | S95: / | T95: / | X95: ^^^
C96: [Zn5(OH)2.1(NHPh)1.9(btdd)3 (MFU-4I framework) | D96: =IFERROR(INDEX(Table_S12!$A$4:$A$324, MATCH(C96, Table_S12!$B$4:$B$324, 0)), "CSD Code Not Found") -> CSD Code Not Found | E96: UPOZAB | I96: 0.95 | J96: / | K96: 65 | O96: 300,1 | P96: / | Q96: 2816 | R96: / | S96: / | T96: / | U96: [59] | X96: C.E. Bien, Z.Z. Cai, C.R. Wade Using postsynthetic x-type ligand exchange to enhance CO2 adsorption in metal-organic frameworks with kuratowski-type building units Inorg. Chem., 60 (2021), pp. 11784-11794
C97: MFU-4l (2a-NiOH) (MFU-4I framework) | D97: =IFERROR(INDEX(Table_S12!$A$4:$A$324, MATCH(C97, Table_S12!$B$4:$B$324, 0)), "CSD Code Not Found") -> CSD Code Not Found | E97: UPOZAB | I97: 4.15 | J97: / | K97: 73 | O97: 298,1 | P97: / | Q97: 3204 | R97: / | S97: / | T97: / | U97: [62] | X97: Z. Cai, C.E. Bien, Q. Liu, C.R. Wade Insights into CO2 adsorption in M-OH functionalized MOFs Chem. Mater., 32 (2020), pp. 4257-4264
C98: pyMOF-74a (MOF-74 derivatives) | D98: =IFERROR(INDEX(Table_S12!$A$4:$A$324, MATCH(C98, Table_S12!$B$4:$B$324, 0)), "CSD Code Not Found") -> CSD Code Not Found | E98: AJECIE | I98: 2.32 | J98: 87 | K98: 28.9 | O98: 298,1 | P98: / | Q98: 605 | R98: / | S98: / | T98: / | U98: [64] | X98: M. Zhao, Y. Ban, Z. Chang, Y. Zhou, K. Yang, Y. Wang, N. Cao, W. Yang Pyrazine-interior-embodied MOF-74 for selective CO2 adsorption AIChE J, 68 (2022)
C99: pyMOF-74b | D99: =IFERROR(INDEX(Table_S12!$A$4:$A$324, MATCH(C99, Table_S12!$B$4:$B$324, 0)), "CSD Code Not Found") -> CSD Code Not Found | E99: AJECIE | I99: 1.35 | J99: 147 | K99: 20.5 | O99: 298,1 | P99: / | Q99: 300 | R99: / | S99: / | T99: / | X99: ^^^
C100: pyMOF-74c | D100: =IFERROR(INDEX(Table_S12!$A$4:$A$324, MATCH(C100, Table_S12!$B$4:$B$324, 0)), "CSD Code Not Found") -> CSD Code Not Found | E100: AJECIE | I100: 1.07 | J100: 471 | K100: 17.8 | O100: 298,1 | P100: / | Q100: 42 | R100: / | S100: / | T100: / | X100: ^^^
B102: Research progress of Metal Organic Frameworks Based Materials for CO2 Capture and CO2 to Alcohols Conversion - Table 2
C103: HHU-2-Cl | D103: =IFERROR(INDEX(Table_S12!$A$4:$A$324, MATCH(C103, Table_S12!$B$4:$B$324, 0)), "CSD Code Not Found") -> CSD Code Not Found | E103: FEDFOM | I103: 3.28 | J103: / | K103: / | O103: 293.1 | P103: / | Q103: 852 | R103: / | S103: / | T103: / | U103: [65] | X103: T.M.M. Ntep, H. Breitzke, L. Schmolke, C. Schlusener, B. Moll, S. Millan, N. Tannert, I. El Aita, G. Buntkowsky, C. Janiak Facile in situ halogen functionalization via triple-bond hydrohalogenation: Enhancing sorption capacities through halogenation to halofumarate-based zr(iv)-metal-organic frameworks Chem. Mater., 31 (2019), pp. 8629-8638
C104: HHU-2-Br | D104: =IFERROR(INDEX(Table_S12!$A$4:$A$324, MATCH(C104, Table_S12!$B$4:$B$324, 0)), "CSD Code Not Found") -> CSD Code Not Found | E104: FEDFOM | I104: 1.83 | J104: / | K104: / | O104: 291.1 | P104: / | Q104: 620 | R104: / | S104: / | T104: / | X104: ^^^
C105: MOF-801 | D105: =IFERROR(INDEX(Table_S12!$A$4:$A$324, MATCH(C105, Table_S12!$B$4:$B$324, 0)), "CSD Code Not Found") -> CSD Code Not Found | E105: BOHKAM | I105: 2.28 | J105: / | K105: / | O105: 293.1 | P105: / | Q105: 939 | R105: / | S105: / | T105: / | X105: ^^^
C106: β-CD-MOF | D106: =IFERROR(INDEX(Table_S12!$A$4:$A$324, MATCH(C106, Table_S12!$B$4:$B$324, 0)), "CSD Code Not Found") -> CSD Code Not Found | E106: SEFWIN | I106: 0.05 | J106: 6.95 (50/50) | K106: / | O106: 273.1 | P106: / | Q106: / | R106: / | S106: / | T106: / | U106: [66] | X106: L. Xu, C.-Y. Xing, D. Ke, L. Chen, Z.-J. Qiu, S.-L. Zeng, B.-J. Li, S. Zhang Amino-functionalized β-cyclodextrin to construct green metal–organic framework materials for CO2 capture ACS Appl. Mater. Interfaces, 12 (2020), pp. 3032-3041
C107: NH2-β-CD-MOF | D107: =IFERROR(INDEX(Table_S12!$A$4:$A$324, MATCH(C107, Table_S12!$B$4:$B$324, 0)), "CSD Code Not Found") -> CSD Code Not Found | E107: ZUTNOU | I107: 0.55 | J107: 947.52 (50/50) | K107: / | O107: 273.1 | P107: / | Q107: / | R107: / | S107: / | T107: / | X107: ^^^
C108: MIL-101(Cr) | D108: =IFERROR(INDEX(Table_S12!$A$4:$A$324, MATCH(C108, Table_S12!$B$4:$B$324, 0)), "CSD Code Not Found") -> CSD Code Not Found | E108: OCUNAC | I108: 2.2 | J108: 29 | K108: 32 | O108: 293.1 | P108: / | Q108: 3195 | R108: / | S108: / | T108: / | U108: [67] | X108: J.M. Park, G.-Y. Cha, D. Jo, K.H. Cho, J.W. Yoon, Y.K. Hwang, S.-K. Lee, U.H. Lee Amine and fluorine co-functionalized MIL-101(Cr) synthesized via a mixed-ligand strategy for CO2 capture under humid conditions Chem. Eng. J., 444 (2022), Article 136476
C109: MIL-101(Cr)–NH2 | D109: =IFERROR(INDEX(Table_S12!$A$4:$A$324, MATCH(C109, Table_S12!$B$4:$B$324, 0)), "CSD Code Not Found") -> CSD Code Not Found | E109: OCUNAC | I109: 3 | J109: 51 | K109: 39 | O109: 293.1 | P109: / | Q109: 2909 | R109: / | S109: / | T109: / | X109: ^^^
C110: MIL-101(Cr)–NH2-F0.5 | D110: =IFERROR(INDEX(Table_S12!$A$4:$A$324, MATCH(C110, Table_S12!$B$4:$B$324, 0)), "CSD Code Not Found") -> CSD Code Not Found | E110: OCUNAC | I110: 3.6 | J110: 108 | K110: 45 | O110: 293.1 | P110: / | Q110: 2385 | R110: / | S110: / | T110: / | X110: ^^^
B112: Research progress of Metal Organic Frameworks Based Materials for CO2 Capture and CO2 to Alcohols Conversion - Table 3
C113: Cu BTC (HKUST-1) | D113: =IFERROR(INDEX(Table_S12!$A$4:$A$324, MATCH(C113, Table_S12!$B$4:$B$324, 0)), "CSD Code Not Found") -> CSD Code Not Found | E113: DOTSOV42 | I113: 3.4 | J113: / | K113: / | O113: 298.1 | P113: / | Q113: 526.51 | R113: / | S113: / | T113: / | U113: [74] | X113: R. Pan, Y.N. Guo, Y.N. Tang, D. Wei, L. Mengli, D.L. He Dicationic liquid containing alkenyl modified cubtc improves the performance of the composites: Increasing the CO2 adsorption effect Chem. Eng. J., 430 (2022), Article 132127
C114: DIL-2/Cu BTC | D114: =IFERROR(INDEX(Table_S12!$A$4:$A$324, MATCH(C114, Table_S12!$B$4:$B$324, 0)), "CSD Code Not Found") -> CSD Code Not Found | E114: DOTSOV42 | I114: 3.83 | J114: / | K114: / | O114: 298.1 | P114: / | Q114: 841.1 | R114: / | S114: / | T114: / | X114: ^^^
...

Sheet Clean Table (Backup)
C4: CSD Code | D4: Common Name | E4: CO2 Uptake, mmol/g | F4: Surface Area, m2/g | G4: Pore Volume, cm3/g | H4: Pore Size Diameter, A | I4: Density, g/cm3 | J4: Temperature, K | K4: Pressure, bar | L4: Notes | M4: References
C5: ='Raw Data'!E13 -> / | D5: ='Raw Data'!C13 -> Zeolite 13X | E5: ='Raw Data'!I13 -> 7.4 | F5: ='Raw Data'!N13 -> ND | G5: ='Raw Data'!O13 -> ND | H5: ='Raw Data'!P13 -> / | I5: ='Raw Data'!Q13 -> / | J5: ='Raw Data'!L13 -> 298 | K5: ='Raw Data'!M13 -> 32 bar | M5: ='Raw Data'!U13 -> A.R. Millward, O.M. Yaghi Metal-organic frameworks with exceptionally high capacity for storage of carbon dioxide at room temperature J Am Chem Soc, 127 (51) (2005), pp. 17998-17999
C6: ='Raw Data'!E14 -> ADUWON | D6: ='Raw Data'!C14 -> MOF-2 | E6: ='Raw Data'!I14 -> 3.2 | F6: ='Raw Data'!N14 -> 345 | G6: ='Raw Data'!O14 -> / | H6: ='Raw Data'!P14 -> / | I6: ='Raw Data'!Q14 -> / | J6: ='Raw Data'!L14 -> 298 | K6: ='Raw Data'!M14 -> 32 bar | M6: ='Raw Data'!U14 -> ^^^
C7: ='Raw Data'!E15 -> ORIVOC | D7: ='Raw Data'!C15 -> MOF-74 (Zn) | E7: ='Raw Data'!I15 -> 10.4 | F7: ='Raw Data'!N15 -> 816 | G7: ='Raw Data'!O15 -> / | H7: ='Raw Data'!P15 -> / | I7: ='Raw Data'!Q15 -> / | J7: ='Raw Data'!L15 -> 298 | K7: ='Raw Data'!M15 -> 32 bar | M7: ='Raw Data'!U15 -> ^^^
C8: ='Raw Data'!E16 -> LASYOU/RUVKAV | D8: ='Raw Data'!C16 -> MOF-505 | E8: ='Raw Data'!I16 -> 10.2 | F8: ='Raw Data'!N16 -> 1547 | G8: ='Raw Data'!O16 -> / | H8: ='Raw Data'!P16 -> / | I8: ='Raw Data'!Q16 -> / | J8: ='Raw Data'!L16 -> 298 | K8: ='Raw Data'!M16 -> 32 bar | M8: ='Raw Data'!U16 -> ^^^
C9: ='Raw Data'!E17 -> DOTSOV 42 | D9: ='Raw Data'!C17 -> Cu3(BTC)2 (HKUST-1) | E9: ='Raw Data'!I17 -> 10.7 | F9: ='Raw Data'!N17 -> 1781 | G9: ='Raw Data'!O17 -> / | H9: ='Raw Data'!P17 -> / | I9: ='Raw Data'!Q17 -> / | J9: ='Raw Data'!L17 -> 298 | K9: ='Raw Data'!M17 -> 32 bar | M9: ='Raw Data'!U17 -> ^^^
C10: ='Raw Data'!E18 -> BABRII | D10: ='Raw Data'!C18 -> MOF-177 | E10: ='Raw Data'!I18 -> 33.5 | F10: ='Raw Data'!N18 -> 4508 | G10: ='Raw Data'!O18 -> / | H10: ='Raw Data'!P18 -> / | I10: ='Raw Data'!Q18 -> / | J10: ='Raw Data'!L18 -> 298 | K10: ='Raw Data'!M18 -> 32 bar | M10: ='Raw Data'!U18 -> ^^^
C11: ='Raw Data'!E19 -> 0 | D11: ='Raw Data'!C19 -> 0 | E11: ='Raw Data'!I19 -> 0 | F11: ='Raw Data'!N19 -> 0 | G11: ='Raw Data'!O19 -> 0 | H11: ='Raw Data'!P19 -> 0 | I11: ='Raw Data'!Q19 -> 0 | J11: ='Raw Data'!L19 -> 0 | K11: ='Raw Data'!M19 -> 0 | M11: ='Raw Data'!U19 -> 0
C12: ='Raw Data'!E20 -> CIGXIA | D12: ='Raw Data'!C20 -> MIL-100 (Fe) | E12: ='Raw Data'!I20 -> 18 | F12: ='Raw Data'!N20 -> 1900 | G12: ='Raw Data'!O20 -> 1.1 | H12: ='Raw Data'!P20 -> / | I12: ='Raw Data'!Q20 -> / | J12: ='Raw Data'!L20 -> 304 | K12: ='Raw Data'!M20 -> 50 bar | M12: ='Raw Data'!U20 -> P.L. Llewellyn, S. Bourrelly, C. Serre, A. Vimont, M. Daturi, I. Hamon, L.S. Hwa Jhung High uptakes of CO2 and CH4 in mesoporous metal-organic frameworks MIL-100 and MIL-101 Langmuir, 24 (14) (2008), pp. 7245-7250
C13: ='Raw Data'!E21 -> OCUNAC | D13: ='Raw Data'!C21 -> MIL-101a | E13: ='Raw Data'!I21 -> 28 | F13: ='Raw Data'!N21 -> 2800 | G13: ='Raw Data'!O21 -> 1.37 | H13: ='Raw Data'!P21 -> / | I13: ='Raw Data'!Q21 -> / | J13: ='Raw Data'!L21 -> 304 | K13: ='Raw Data'!M21 -> 50 bar | M13: ='Raw Data'!U21 -> ^^^
C14: ='Raw Data'!E22 -> OCUNAC | D14: ='Raw Data'!C22 -> MIL-101b | E14: ='Raw Data'!I22 -> 34 | F14: ='Raw Data'!N22 -> 3780 | G14: ='Raw Data'!O22 -> 1.74 | H14: ='Raw Data'!P22 -> / | I14: ='Raw Data'!Q22 -> / | J14: ='Raw Data'!L22 -> 304 | K14: ='Raw Data'!M22 -> 50 bar | M14: ='Raw Data'!U22 -> ^^^
C15: ='Raw Data'!E23 -> OCUNAC | D15: ='Raw Data'!C23 -> MIL-101c | E15: ='Raw Data'!I23 -> 40 | F15: ='Raw Data'!N23 -> 4230 | G15: ='Raw Data'!O23 -> 2.15 | H15: ='Raw Data'!P23 -> / | I15: ='Raw Data'!Q23 -> / | J15: ='Raw Data'!L23 -> 304 | K15: ='Raw Data'!M23 -> 50 bar | M15: ='Raw Data'!U23 -> ^^^
C16: ='Raw Data'!E24 -> 0 | D16: ='Raw Data'!C24 -> 0 | E16: ='Raw Data'!I24 -> 0 | F16: ='Raw Data'!N24 -> 0 | G16: ='Raw Data'!O24 -> 0 | H16: ='Raw Data'!P24 -> 0 | I16: ='Raw Data'!Q24 -> 0 | J16: ='Raw Data'!L24 -> 0 | K16: ='Raw Data'!M24 -> 0 | M16: ='Raw Data'!U24 -> 0
... C68: ='Raw Data'!E76 -> / | D68: ='Raw Data'!C76 -> ZIF-82 | E68: ='Raw Data'!I76 -> look | F68: ='Raw Data'!N76 -> 1300 | G68: ='Raw Data'!O76 -> / | H68: ='Raw Data'!P76 -> 1.23nm | I68: ='Raw Data'!Q76 -> / | J68: ='Raw Data'!L76 -> 298 | K68: ='Raw Data'!M76 -> 1 | M68: ='Raw Data'!U76 -> ^^^
C69: ='Raw Data'!E77 -> 0 | D69: ='Raw Data'!C77 -> 0 | E69: ='Raw Data'!I77 -> 0 | F69: ='Raw Data'!Q77 -> 0 | G69: ='Raw Data'!R77 -> 0 | H69: ='Raw Data'!S77 -> 0 | I69: ='Raw Data'!T77 -> 0 | J69: ='Raw Data'!O77 -> 0 | K69: ='Raw Data'!P77 -> 0 | M69: ='Raw Data'!X77 -> 0
C70: ='Raw Data'!E78 -> 0 | D70: ='Raw Data'!C78 -> 0 | E70: ='Raw Data'!I78 -> 0 | F70: ='Raw Data'!Q78 -> 0 | G70: ='Raw Data'!R78 -> 0 | H70: ='Raw Data'!S78 -> 0 | I70: ='Raw Data'!T78 -> 0 | J70: ='Raw Data'!O78 -> 0 | K70: ='Raw Data'!P78 -> 0 | M70: ='Raw Data'!X78 -> 0
C71: ='Raw Data'!E79 -> CSD Code from Lit. | D71: ='Raw Data'!C79 -> Common Name | E71: ='Raw Data'!I79 -> CO2 Adsorption Capacity, mmol/g | F71: ='Raw Data'!Q79 -> Surface Area, m2/g | G71: ='Raw Data'!R79 -> Pore Volume, cm3/g | H71: ='Raw Data'!S79 -> Pore Size Diameter, A | I71: ='Raw Data'!T79 -> Density, g/cm3 | J71: ='Raw Data'!O79 -> Temperature, K | K71: ='Raw Data'!P79 -> Pressure, bar | M71: ='Raw Data'!X79 -> Reference DOI
C72: ='Raw Data'!E80 -> / | D72: ='Raw Data'!C80 -> Mg-MOF-74 | E72: ='Raw Data'!I80 -> 1.49 | F72: ='Raw Data'!Q80 -> / | G72: ='Raw Data'!R80 -> / | H72: ='Raw Data'!S80 -> / | I72: ='Raw Data'!T80 -> / | J72: ='Raw Data'!O80 -> 273,1 | K72: ='Raw Data'!P80 -> / | M72: ='Raw Data'!X80 -> Z.Y. Gao, L. Liang, X. Zhang, P. Xu, J.M. Sun Facile one-pot synthesis of zn/mg-MOF-74 with unsaturated coordination metal centers for efficient CO2 adsorption and conversion to cyclic carbonates ACS Appl. Mater. Interfaces, 13 (2021), pp. 61334-61345, 10.1021/acsami.1c20878
C73: ='Raw Data'!E81 -> ORIVOC | D73: ='Raw Data'!C81 -> Zn-MOF-74 | E73: ='Raw Data'!I81 -> 2.44 | F73: ='Raw Data'!Q81 -> / | G73: ='Raw Data'!R81 -> / | H73: ='Raw Data'!S81 -> / | I73: ='Raw Data'!T81 -> / | J73: ='Raw Data'!O81 -> 273,1 | K73: ='Raw Data'!P81 -> / | M73: ='Raw Data'!X81 -> ^^^
C74: ='Raw Data'!E82 -> ORIVOC | D74: ='Raw Data'!C82 -> Zn0.75Mg0.25-MOF-74 | E74: ='Raw Data'!I82 -> 3.99 | F74: ='Raw Data'!Q82 -> 667.6 | G74: ='Raw Data'!R82 -> / | H74: ='Raw Data'!S82 -> / | I74: ='Raw Data'!T82 -> / | J74: ='Raw Data'!O82 -> 273,1 | K74: ='Raw Data'!P82 -> / | M74: ='Raw Data'!X82 -> ^^^
C75: ='Raw Data'!E83 -> / | D75: ='Raw Data'!C83 -> Cu-OATA | E75: ='Raw Data'!I83 -> 2.24 | F75: ='Raw Data'!Q83 -> / | G75: ='Raw Data'!R83 -> / | H75: ='Raw Data'!S83 -> / | I75: ='Raw Data'!T83 -> / | J75: ='Raw Data'!O83 -> 298,1 | K75: ='Raw Data'!P83 -> / | M75: ='Raw Data'!X83 -> Y. Guclu, H. Erer, H. Demiral, C. Altintas, S. Keskin, N. Tumanov, B.L. Su, F. Semerci Oxalamide-functionalized metal organic frameworks for CO2 adsorption ACS Appl. Mater. Interfaces, 13 (2021), pp. 33188-33198
C76: ='Raw Data'!E84 -> / | D76: ='Raw Data'!C84 -> Cu(I)Zn@MIL-100(Fe)-10 | E76: ='Raw Data'!I84 -> 0.4 | F76: ='Raw Data'!Q84 -> / | G76: ='Raw Data'!R84 -> / | H76: ='Raw Data'!S84 -> / | I76: ='Raw Data'!T84 -> / | J76: ='Raw Data'!O84 -> 298,1 | K76: ='Raw Data'!P84 -> / | M76: ='Raw Data'!X84 -> V.N. Le, T.K. Vo, J.H. Lee, J.C. Kim, T.H. Kim, K.H. Oh, Y.S. Bae, S.K. Kwak, J. Kim A novel approach to prepare Cu(i)Zn@MIL-100(Fe) adsorbent with high co adsorption capacity, CO/CO2 selectivity and stability via controlled host-guest redox reaction Chem. Eng. J., 404 (2021), Article 126492
C77: ='Raw Data'!E85 -> BOHWUS | D77: ='Raw Data'!C85 -> MOF-808 | E77: ='Raw Data'!I85 -> 1.36 | F77: ='Raw Data'!Q85 -> / | G77: ='Raw Data'!R85 -> / | H77: ='Raw Data'!S85 -> / | I77: ='Raw Data'!T85 -> / | J77: ='Raw Data'!O85 -> 298,1 | K77: ='Raw Data'!P85 -> / | M77: ='Raw Data'!X85 -> J.M. Park, D.K. Yoo, S.H. Jhung Selective CO2 adsorption over functionalized Zr-based metal organic framework under atmospheric or lower pressure: Contribution of functional groups to adsorption Chem. Eng. J., 402 (2020), Article 126254
C78: ='Raw Data'!E86 -> BOHWUS | D78: ='Raw Data'!C86 -> MOF-808-EDTA | E78: ='Raw Data'!I86 -> 1.48 | F78: ='Raw Data'!Q86 -> / | G78: ='Raw Data'!R86 -> / | H78: ='Raw Data'!S86 -> / | I78: ='Raw Data'!T86 -> / | J78: ='Raw Data'!O86 -> 298,1 | K78: ='Raw Data'!P86 -> / | M78: ='Raw Data'!X86 -> ^^^
C79: ='Raw Data'!E87 -> BOHWUS | D79: ='Raw Data'!C87 -> MOF-808-EDTA-ED-1.2 | E79: ='Raw Data'!I87 -> 1.62 | F79: ='Raw Data'!Q87 -> / | G79: ='Raw Data'!R87 -> / | H79: ='Raw Data'!S87 -> / | I79: ='Raw Data'!T87 -> / | J79: ='Raw Data'!O87 -> 298,1 | K79: ='Raw Data'!P87 -> / | M79: ='Raw Data'!X87 -> ^^^
C80: ='Raw Data'!E88 -> / | D80: ='Raw Data'!C88 -> Mg2(dobpdc)(3-4-3) | E80: ='Raw Data'!I88 -> 2 | F80: ='Raw Data'!Q88 -> / | G80: ='Raw Data'!R88 -> / | H80: ='Raw Data'!S88 -> / | I80: ='Raw Data'!T88 -> / | J80: ='Raw Data'!O88 -> 273,0.04 | K80: ='Raw Data'!P88 -> / | M80: ='Raw Data'!X88 -> E.J. Kim, R.L. Siegelman, H.Z.H. Jiang, A.C. Forse, J.H. Lee, J.D. Martell, P.J. Milner, J.M. Falkowski, J.B. Neaton, J.A. Reimer, S.C. Weston, J.R. Long Cooperative carbon capture and steam regeneration with tetraamine-appended metal-organic frameworks Science, 369 (2020), p. 392-+
... C123: ='Raw Data'!E131 -> 0 | D123: ='Raw Data'!C131 -> 0 | E123: ='Raw Data'!I131 -> 0 | F123: ='Raw Data'!Q131 -> 0 | G123: ='Raw Data'!R131 -> 0 | H123: ='Raw Data'!S131 -> 0 | I123: ='Raw Data'!T131 -> 0 | J123: ='Raw Data'!O131 -> 0 | K123: ='Raw Data'!P131 -> 0 | M123: ='Raw Data'!X131 -> 0

Sheet Clean Table
A1: From Table_S1 | M1: From Articles | X1: Missing Properties References
A4: CSD Code | B4: Common Name | C4: Metal Type | D4: Density (g/cm3) | E4: Pore Limiting Diameter, | F4: Largest Cavity Diameter | G4: Volumetric Surface Area (m2/cm3) | H4: Geometric Surface Area (m2/g) | I4: Void Fraction | J4: Pore volume (cm3/g) | K4: NOTES | M4: Common Name | N4: CO2 Uptake, mmol/g | O4: Surface Area, m2/g | P4: Pore Volume, cm3/g | Q4: Pore Size Diameter, A | R4: Density, g/cm3 | S4: Temperature, K | T4: Pressure, bar | U4: Notes | V4: References | X4: Surface Area, m2/g | Y4: Pore Volume, cm3/g | Z4: Pore Diameter, A | AA4: Density, g/cm3
A5: ='Raw Data'!E13 -> / | B5: =M5 -> Zeolite 13X | C5: =VLOOKUP($A5, Table_S1!$B$10:$K$5118, 2, FALSE) -> #N/A | D5: =VLOOKUP($A5, Table_S1!$B$10:$K$5118, 3, FALSE) -> #N/A | E5: =VLOOKUP($A5, Table_S1!$B$10:$K$5118, 4, FALSE) -> #N/A | F5: =VLOOKUP($A5, Table_S1!$B$10:$K$5118, 5, FALSE) -> #N/A | G5: =VLOOKUP($A5, Table_S1!$B$10:$K$5118, 6, FALSE) -> #N/A | H5: =VLOOKUP($A5, Table_S1!$B$10:$K$5118, 7, FALSE) -> #N/A | I5: =VLOOKUP($A5, Table_S1!$B$10:$K$5118, 8, FALSE) -> #N/A | J5: =VLOOKUP($A5, Table_S1!$B$10:$K$5118, 9, FALSE) -> #N/A | K5: =VLOOKUP($A5, Table_S1!$B$10:$K$5118, 10, FALSE) -> #N/A | M5: ='Raw Data'!C13 -> Zeolite 13X | N5: ='Raw Data'!I13 -> 7.4 | O5: 625.3 | P5: 0.3 | Q5: 1.92nm = 19.2A | R5: ='Raw Data'!Q13 -> / | S5: ='Raw Data'!L13 -> 298 | T5: ='Raw Data'!M13 -> 32 bar | V5: ='Raw Data'!U13 -> A.R. Millward, O.M. Yaghi Metal-organic frameworks with exceptionally high capacity for storage of carbon dioxide at room temperature J Am Chem Soc, 127 (51) (2005), pp. 17998-17999 | X5: Amir Mohammad Najafi, Saeed Soltanali, Farhad Khorashe, Hamid Ghassabzadeh, Effect of binder on CO2, CH4, and N2 adsorption behavior, structural properties, and diffusion coefficients on extruded zeolite 13X, Chemosphere, Volume 324, 2023, 138275, SSN 0045-6535, | Y5: Amir Mohammad Najafi, Saeed Soltanali, Farhad Khorashe, Hamid Ghassabzadeh, Effect of binder on CO2, CH4, and N2 adsorption behavior, structural properties, and diffusion coefficients on extruded zeolite 13X, Chemosphere, Volume 324, 2023, 138275, SSN 0045-6535, | Z5: Amir Mohammad Najafi, Saeed Soltanali, Farhad Khorashe, Hamid Ghassabzadeh, Effect of binder on CO2, CH4, and N2 adsorption behavior, structural properties, and diffusion coefficients on extruded zeolite 13X, Chemosphere, Volume 324, 2023, 138275, SSN 0045-6535,
A6: ='Raw Data'!E14 -> ADUWON | B6: =M6 -> MOF-2 | C6: =VLOOKUP($A6, Table_S1!$B$10:$K$5118, 2, FALSE) -> #N/A | D6: =VLOOKUP($A6, Table_S1!$B$10:$K$5118, 3, FALSE) -> #N/A | E6: =VLOOKUP($A6, Table_S1!$B$10:$K$5118, 4, FALSE) -> #N/A | F6: =VLOOKUP($A6, Table_S1!$B$10:$K$5118, 5, FALSE) -> #N/A | G6: =VLOOKUP($A6, Table_S1!$B$10:$K$5118, 6, FALSE) -> #N/A | H6: =VLOOKUP($A6, Table_S1!$B$10:$K$5118, 7, FALSE) -> #N/A | I6: =VLOOKUP($A6, Table_S1!$B$10:$K$5118, 8, FALSE) -> #N/A | J6: =VLOOKUP($A6, Table_S1!$B$10:$K$5118, 9, FALSE) -> #N/A | K6: =VLOOKUP($A6, Table_S1!$B$10:$K$5118, 10, FALSE) -> #N/A | M6: ='Raw Data'!C14 -> MOF-2 | N6: ='Raw Data'!I14 -> 3.2 | O6: ='Raw Data'!N14 -> 345 | P6: 0.227 | Q6: 5A | R6: ='Raw Data'!Q14 -> / | S6: ='Raw Data'!L14 -> 298 | T6: ='Raw Data'!M14 -> 32 bar | V6: ='Raw Data'!U14 -> ^^^ | Y6: H. Li, M. Eddaoudi, T.L. Groy, O.M. Yaghi, J. Am. Chem. Soc. 120, 8571 (1998) | PD: A.R. Millward, O.M. Yaghi Metal-organic frameworks with exceptionally high capacity for storage of carbon dioxide at room temperature J Am Chem Soc, 127 (51) (2005), pp. 17998-17999 | Z6: A.R. Millward, O.M. Yaghi Metal-organic frameworks with exceptionally high capacity for storage of carbon dioxide at room temperature J Am Chem Soc, 127 (51) (2005), pp. 17998-17999
A7: ='Raw Data'!E15 -> ORIVOC | B7: =M7 -> MOF-74 (Zn) | C7: =VLOOKUP($A7, Table_S1!$B$10:$K$5118, 2, FALSE) -> #N/A | D7: =VLOOKUP($A7, Table_S1!$B$10:$K$5118, 3, FALSE) -> #N/A | E7: =VLOOKUP($A7, Table_S1!$B$10:$K$5118, 4, FALSE) -> #N/A | F7: =VLOOKUP($A7, Table_S1!$B$10:$K$5118, 5, FALSE) -> #N/A | G7: =VLOOKUP($A7, Table_S1!$B$10:$K$5118, 6, FALSE) -> #N/A | H7: =VLOOKUP($A7, Table_S1!$B$10:$K$5118, 7, FALSE) -> #N/A | I7: =VLOOKUP($A7, Table_S1!$B$10:$K$5118, 8, FALSE) -> #N/A | J7: =VLOOKUP($A7, Table_S1!$B$10:$K$5118, 9, FALSE) -> #N/A | K7: =VLOOKUP($A7, Table_S1!$B$10:$K$5118, 10, FALSE) -> #N/A | M7: ='Raw Data'!C15 -> MOF-74 (Zn) | N7: ='Raw Data'!I15 -> 10.4 | O7: ='Raw Data'!N15 -> 816 | P7: ='Raw Data'!O15 -> / | Q7: 11A | R7: ='Raw Data'!Q15 -> / | S7: ='Raw Data'!L15 -> 298 | T7: ='Raw Data'!M15 -> 32 bar | V7: ='Raw Data'!U15 -> ^^^ | Z7: A.R. Millward, O.M. Yaghi Metal-organic frameworks with exceptionally high capacity for storage of carbon dioxide at room temperature J Am Chem Soc, 127 (51) (2005), pp. 17998-17999
A8: ='Raw Data'!E16 -> LASYOU/RUVKAV | B8: =M8 -> MOF-505 | C8: =VLOOKUP($A8, Table_S1!$B$10:$K$5118, 2, FALSE) -> #N/A | D8: =VLOOKUP($A8, Table_S1!$B$10:$K$5118, 3, FALSE) -> #N/A | E8: =VLOOKUP($A8, Table_S1!$B$10:$K$5118, 4, FALSE) -> #N/A | F8: =VLOOKUP($A8, Table_S1!$B$10:$K$5118, 5, FALSE) -> #N/A | G8: =VLOOKUP($A8, Table_S1!$B$10:$K$5118, 6, FALSE) -> #N/A | H8: =VLOOKUP($A8, Table_S1!$B$10:$K$5118, 7, FALSE) -> #N/A | I8: =VLOOKUP($A8, Table_S1!$B$10:$K$5118, 8, FALSE) -> #N/A | J8: =VLOOKUP($A8, Table_S1!$B$10:$K$5118, 9, FALSE) -> #N/A | K8: =VLOOKUP($A8, Table_S1!$B$10:$K$5118, 10, FALSE) -> #N/A | M8: ='Raw Data'!C16 -> MOF-505 | N8: ='Raw Data'!I16 -> 10.2 | O8: ='Raw Data'!N16 -> 1547 | P8: ='Raw Data'!O16 -> / | Q8: 8, 10A | R8: ='Raw Data'!Q16 -> / | S8: ='Raw Data'!L16 -> 298 | T8: ='Raw Data'!M16 -> 32 bar | V8: ='Raw Data'!U16 -> ^^^ | Z8: A.R. Millward, O.M. Yaghi Metal-organic frameworks with exceptionally high capacity for storage of carbon dioxide at room temperature J Am Chem Soc, 127 (51) (2005), pp. 17998-17999
A9: ='Raw Data'!E17 -> DOTSOV 42 | B9: =M9 -> Cu3(BTC)2 (HKUST-1) | C9: =VLOOKUP($A9, Table_S1!$B$10:$K$5118, 2, FALSE) -> #N/A | D9: =VLOOKUP($A9, Table_S1!$B$10:$K$5118, 3, FALSE) -> #N/A | E9: =VLOOKUP($A9, Table_S1!$B$10:$K$5118, 4, FALSE) -> #N/A | F9: =VLOOKUP($A9, Table_S1!$B$10:$K$5118, 5, FALSE) -> #N/A | G9: =VLOOKUP($A9, Table_S1!$B$10:$K$5118, 6, FALSE) -> #N/A | H9: =VLOOKUP($A9, Table_S1!$B$10:$K$5118, 7, FALSE) -> #N/A | I9: =VLOOKUP($A9, Table_S1!$B$10:$K$5118, 8, FALSE) -> #N/A | J9: =VLOOKUP($A9, Table_S1!$B$10:$K$5118, 9, FALSE) -> #N/A | K9: =VLOOKUP($A9, Table_S1!$B$10:$K$5118, 10, FALSE) -> #N/A | M9: ='Raw Data'!C17 -> Cu3(BTC)2 (HKUST-1) | N9: ='Raw Data'!I17 -> 10.7 | O9: ='Raw Data'!N17 -> 1781 | P9: 0.801 | Q9: 5, 15A | R9: ='Raw Data'!Q17 -> / | S9: ='Raw Data'!L17 -> 298 | T9: ='Raw Data'!M17 -> 32 bar | V9: ='Raw Data'!U17 -> ^^^ | Y9: Furukawa H., Miller M. A., Yaghi O. M., Independent verification of the saturation hydrogen uptake in MOF-177 and establishment of a benchmark for hydrogen adsorption in metal–organic frameworks. J. Mater. Chem. 17, 3197 (2007). | Z9: A.R. Millward, O.M. Yaghi Metal-organic frameworks with exceptionally high capacity for storage of carbon dioxide at room temperature J Am Chem Soc, 127 (51) (2005), pp. 17998-17999
A10: ='Raw Data'!E18 -> BABRII | B10: =M10 -> MOF-177 | C10: =VLOOKUP($A10, Table_S1!$B$10:$K$5118, 2, FALSE) -> #N/A | D10: =VLOOKUP($A10, Table_S1!$B$10:$K$5118, 3, FALSE) -> #N/A | E10: =VLOOKUP($A10, Table_S1!$B$10:$K$5118, 4, FALSE) -> #N/A | F10: =VLOOKUP($A10, Table_S1!$B$10:$K$5118, 5, FALSE) -> #N/A | G10: =VLOOKUP($A10, Table_S1!$B$10:$K$5118, 6, FALSE) -> #N/A | H10: =VLOOKUP($A10, Table_S1!$B$10:$K$5118, 7, FALSE) -> #N/A | I10: =VLOOKUP($A10, Table_S1!$B$10:$K$5118, 8, FALSE) -> #N/A | J10: =VLOOKUP($A10, Table_S1!$B$10:$K$5118, 9, FALSE) -> #N/A | K10: =VLOOKUP($A10, Table_S1!$B$10:$K$5118, 10, FALSE) -> #N/A | M10: ='Raw Data'!C18 -> MOF-177 | N10: ='Raw Data'!I18 -> 33.5 | O10: ='Raw Data'!N18 -> 4508 | P10: 1.89 | Q10: 11, 17A | R10: 0.43 | S10: ='Raw Data'!L18 -> 298 | T10: ='Raw Data'!M18 -> 32 bar | V10: ='Raw Data'!U18 -> ^^^ | Y10: Furukawa H., Miller M. A., Yaghi O. M., Independent verification of the saturation hydrogen uptake in MOF-177 and establishment of a benchmark for hydrogen adsorption in metal–organic frameworks. J. Mater. Chem. 17, 3197 (2007). | Z10: A.R. Millward, O.M. Yaghi Metal-organic frameworks with exceptionally high capacity for storage of carbon dioxide at room temperature J Am Chem Soc, 127 (51) (2005), pp. 17998-17999 | AA10: Furukawa H., Miller M. A., Yaghi O. M., Independent verification of the saturation hydrogen uptake in MOF-177 and establishment of a benchmark for hydrogen adsorption in metal–organic frameworks. J. Mater. Chem. 17, 3197 (2007).
A11: ='Raw Data'!E20 -> CIGXIA | B11: =M11 -> MIL-100 (Fe) | C11: =VLOOKUP($A11, Table_S1!$B$10:$K$5118, 2, FALSE) -> Fe | D11: =VLOOKUP($A11, Table_S1!$B$10:$K$5118, 3, FALSE) -> 0.684425 | E11: =VLOOKUP($A11, Table_S1!$B$10:$K$5118, 4, FALSE) -> 11.8329 | F11: =VLOOKUP($A11, Table_S1!$B$10:$K$5118, 5, FALSE) -> 28.49654 | G11: =VLOOKUP($A11, Table_S1!$B$10:$K$5118, 6, FALSE) -> 1304.16 | H11: =VLOOKUP($A11, Table_S1!$B$10:$K$5118, 7, FALSE) -> 1905.48 | I11: =VLOOKUP($A11, Table_S1!$B$10:$K$5118, 8, FALSE) -> 0.774255 | J11: =VLOOKUP($A11, Table_S1!$B$10:$K$5118, 9, FALSE) -> 1.11547 | K11: =VLOOKUP($A11, Table_S1!$B$10:$K$5118, 10, FALSE) -> removed free oxygen atoms + bound oxygen atoms + hydrogenation + geom. Minimization (fine/cg) | M11: ='Raw Data'!C20 -> MIL-100 (Fe) | N11: ='Raw Data'!I20 -> 18 | O11: ='Raw Data'!N20 -> 1900 | P11: ='Raw Data'!O20 -> 1.1 | Q11: ='Raw Data'!P20 -> / | R11: 0.7 | S11: ='Raw Data'!L20 -> 304 | T11: ='Raw Data'!M20 -> 50 bar | V11: ='Raw Data'!U20 -> P.L. Llewellyn, S. Bourrelly, C. Serre, A. Vimont, M. Daturi, I. Hamon, L.S. Hwa Jhung High uptakes of CO2 and CH4 in mesoporous metal-organic frameworks MIL-100 and MIL-101 Langmuir, 24 (14) (2008), pp. 7245-7250 | AA11: P.L. Llewellyn, S. Bourrelly, C. Serre, A. Vimont, M. Daturi, I. Hamon, L.S. Hwa Jhung High uptakes of CO2 and CH4 in mesoporous metal-organic frameworks MIL-100 and MIL-101 Langmuir, 24 (14) (2008), pp. 7245-7250
A12: ='Raw Data'!E21 -> OCUNAC | B12: =M12 -> MIL-101a | C12: =VLOOKUP($A12, Table_S1!$B$10:$K$5118, 2, FALSE) -> Cr | D12: =VLOOKUP($A12, Table_S1!$B$10:$K$5118, 3, FALSE) -> 0.427517 | E12: =VLOOKUP($A12, Table_S1!$B$10:$K$5118, 4, FALSE) -> 14.04664 | F12: =VLOOKUP($A12, Table_S1!$B$10:$K$5118, 5, FALSE) -> 36.1506 | G12: =VLOOKUP($A12, Table_S1!$B$10:$K$5118, 6, FALSE) -> 1345.1 | H12: =VLOOKUP($A12, Table_S1!$B$10:$K$5118, 7, FALSE) -> 3146.31 | I12: =VLOOKUP($A12, Table_S1!$B$10:$K$5118, 8, FALSE) -> 0.844869 | J12: =VLOOKUP($A12, Table_S1!$B$10:$K$5118, 9, FALSE) -> 1.96082 | K12: =VLOOKUP($A12, Table_S1!$B$10:$K$5118, 10, FALSE) -> hydrogenation + geom. Minimization (fine setting/cg) | M12: ='Raw Data'!C21 -> MIL-101a | N12: ='Raw Data'!I21 -> 28 | O12: ='Raw Data'!N21 -> 2800 | P12: ='Raw Data'!O21 -> 1.37 | Q12: ='Raw Data'!P21 -> / | R12: 0.4 | S12: ='Raw Data'!L21 -> 304 | T12: ='Raw Data'!M21 -> 50 bar | V12: ='Raw Data'!U21 -> ^^^ | AA12: P.L. Llewellyn, S. Bourrelly, C. Serre, A. Vimont, M. Daturi, I. Hamon, L.S. Hwa Jhung High uptakes of CO2 and CH4 in mesoporous metal-organic frameworks MIL-100 and MIL-101 Langmuir, 24 (14) (2008), pp. 7245-7250
A13: ='Raw Data'!E22 -> OCUNAC | B13: =M13 -> MIL-101b | C13: =VLOOKUP($A13, Table_S1!$B$10:$K$5118, 2, FALSE) -> Cr | D13: =VLOOKUP($A13, Table_S1!$B$10:$K$5118, 3, FALSE) -> 0.427517 | E13: =VLOOKUP($A13, Table_S1!$B$10:$K$5118, 4, FALSE) -> 14.04664 | F13: =VLOOKUP($A13, Table_S1!$B$10:$K$5118, 5, FALSE) -> 36.1506 | G13: =VLOOKUP($A13, Table_S1!$B$10:$K$5118, 6, FALSE) -> 1345.1 | H13: =VLOOKUP($A13, Table_S1!$B$10:$K$5118, 7, FALSE) -> 3146.31 | I13: =VLOOKUP($A13, Table_S1!$B$10:$K$5118, 8, FALSE) -> 0.844869 | J13: =VLOOKUP($A13, Table_S1!$B$10:$K$5118, 9, FALSE) -> 1.96082 | K13: =VLOOKUP($A13, Table_S1!$B$10:$K$5118, 10, FALSE) -> hydrogenation + geom. Minimization (fine setting/cg) | M13: ='Raw Data'!C22 -> MIL-101b | N13: ='Raw Data'!I22 -> 34 | O13: ='Raw Data'!N22 -> 3780 | P13: ='Raw Data'!O22 -> 1.74 | Q13: ='Raw Data'!P22 -> / | R13: 0.4 | S13: ='Raw Data'!L22 -> 304 | T13: ='Raw Data'!M22 -> 50 bar | V13: ='Raw Data'!U22 -> ^^^ | AA13: P.L. Llewellyn, S. Bourrelly, C. Serre, A. Vimont, M. Daturi, I. Hamon, L.S. Hwa Jhung High uptakes of CO2 and CH4 in mesoporous metal-organic frameworks MIL-100 and MIL-101 Langmuir, 24 (14) (2008), pp. 7245-7250
A14: ='Raw Data'!E23 -> OCUNAC | B14: =M14 -> MIL-101c | C14: =VLOOKUP($A14, Table_S1!$B$10:$K$5118, 2, FALSE) -> Cr | D14: =VLOOKUP($A14, Table_S1!$B$10:$K$5118, 3, FALSE) -> 0.427517 | E14: =VLOOKUP($A14, Table_S1!$B$10:$K$5118, 4, FALSE) -> 14.04664 | F14: =VLOOKUP($A14, Table_S1!$B$10:$K$5118, 5, FALSE) -> 36.1506 | G14: =VLOOKUP($A14, Table_S1!$B$10:$K$5118, 6, FALSE) -> 1345.1 | H14: =VLOOKUP($A14, Table_S1!$B$10:$K$5118, 7, FALSE) -> 3146.31 | I14: =VLOOKUP($A14, Table_S1!$B$10:$K$5118, 8, FALSE) -> 0.844869 | J14: =VLOOKUP($A14, Table_S1!$B$10:$K$5118, 9, FALSE) -> 1.96082 | K14: =VLOOKUP($A14, Table_S1!$B$10:$K$5118, 10, FALSE) -> hydrogenation + geom. Minimization (fine setting/cg) | M14: ='Raw Data'!C23 -> MIL-101c | N14: ='Raw Data'!I23 -> 40 | O14: ='Raw Data'!N23 -> 4230 | P14: ='Raw Data'!O23 -> 2.15 | Q14: ='Raw Data'!P23 -> / | R14: 0.4 | S14: ='Raw Data'!L23 -> 304 | T14: ='Raw Data'!M23 -> 50 bar | V14: ='Raw Data'!U23 -> ^^^ | AA14: P.L. Llewellyn, S. Bourrelly, C. Serre, A. Vimont, M. Daturi, I. Hamon, L.S. Hwa Jhung High uptakes of CO2 and CH4 in mesoporous metal-organic frameworks MIL-100 and MIL-101 Langmuir, 24 (14) (2008), pp. 7245-7251
A15: ='Raw Data'!E25 -> BABRII | B15: =M15 -> MOF-177 | C15: =VLOOKUP($A15, Table_S1!$B$10:$K$5118, 2, FALSE) -> #N/A | D15: =VLOOKUP($A15, Table_S1!$B$10:$K$5118, 3, FALSE) -> #N/A | E15: =VLOOKUP($A15, Table_S1!$B$10:$K$5118, 4, FALSE) -> #N/A | F15: =VLOOKUP($A15, Table_S1!$B$10:$K$5118, 5, FALSE) -> #N/A | G15: =VLOOKUP($A15, Table_S1!$B$10:$K$5118, 6, FALSE) -> #N/A | H15: =VLOOKUP($A15, Table_S1!$B$10:$K$5118, 7, FALSE) -> #N/A | I15: =VLOOKUP($A15, Table_S1!$B$10:$K$5118, 8, FALSE) -> #N/A | J15: =VLOOKUP($A15, Table_S1!$B$10:$K$5118, 9, FALSE) -> #N/A | K15: =VLOOKUP($A15, Table_S1!$B$10:$K$5118, 10, FALSE) -> #N/A | M15: ='Raw Data'!C25 -> MOF-177 | N15: ='Raw Data'!I25 -> 35.2 | O15: ='Raw Data'!N25 -> 4500 | P15: ='Raw Data'!O25 -> 1.89 | Q15: 11, 17 A | R15: 0.43 | S15: ='Raw Data'!L25 -> 298 | T15: ='Raw Data'!M25 -> 50 bar | V15: ='Raw Data'!U25 -> H. Furukawa, N. Ko, Y.B. Go, N. Aratani, S.B. Choi, E. Choi, O.M. Yaghi Ultrahigh porosity in metal-organic frameworks Science, 329 (5990) (2010), pp. 424-428 | Z15: A.R. Millward, O.M. Yaghi Metal-organic frameworks with exceptionally high capacity for storage of carbon dioxide at room temperature J Am Chem Soc, 127 (51) (2005), pp. 17998-17999 | AA15: P.L. Llewellyn, S. Bourrelly, C. Serre, A. Vimont, M. Daturi, I. Hamon, L.S. Hwa Jhung High uptakes of CO2 and CH4 in mesoporous metal-organic frameworks MIL-100 and MIL-101 Langmuir, 24 (14) (2008), pp. 7245-7252
A16: ='Raw Data'!E26 -> SUKXUS01 | B16: =M16 -> MOF-205 | C16: =VLOOKUP($A16, Table_S1!$B$10:$K$5118, 2, FALSE) -> #N/A | D16: =VLOOKUP($A16, Table_S1!$B$10:$K$5118, 3, FALSE) -> #N/A | E16: =VLOOKUP($A16, Table_S1!$B$10:$K$5118, 4, FALSE) -> #N/A | F16: =VLOOKUP($A16, Table_S1!$B$10:$K$5118, 5, FALSE) -> #N/A | G16: =VLOOKUP($A16, Table_S1!$B$10:$K$5118, 6, FALSE) -> #N/A | H16: =VLOOKUP($A16, Table_S1!$B$10:$K$5118, 7, FALSE) -> #N/A | I16: =VLOOKUP($A16, Table_S1!$B$10:$K$5118, 8, FALSE) -> #N/A | J16: =VLOOKUP($A16, Table_S1!$B$10:$K$5118, 9, FALSE) -> #N/A | K16: =VLOOKUP($A16, Table_S1!$B$10:$K$5118, 10, FALSE) -> #N/A | M16: ='Raw Data'!C26 -> MOF-205 | N16: ='Raw Data'!I26 -> 38.1 | O16: ='Raw Data'!N26 -> 4460 | P16: ='Raw Data'!O26 -> 2.16 | Q16: ='Raw Data'!P26 -> / | R16: 0.38 | S16: ='Raw Data'!L26 -> 298 | T16: ='Raw Data'!M26 -> 50 bar | V16: ='Raw Data'!U26 -> ^^^ | AA16: D: H. Furukawa, N. Ko, Y.B. Go, N. Aratani, S.B. Choi, E. Choi, O.M. Yaghi Ultrahigh porosity in metal-organic frameworks Science, 329 (5990) (2010), pp. 424-428
A17: ='Raw Data'!E27 -> CUSXOE | B17: =M17 -> MOF-200 | C17: =VLOOKUP($A17, Table_S1!$B$10:$K$5118, 2, FALSE) -> #N/A | D17: =VLOOKUP($A17, Table_S1!$B$10:$K$5118, 3, FALSE) -> #N/A | E17: =VLOOKUP($A17, Table_S1!$B$10:$K$5118, 4, FALSE) -> #N/A | F17: =VLOOKUP($A17, Table_S1!$B$10:$K$5118, 5, FALSE) -> #N/A | G17: =VLOOKUP($A17, Table_S1!$B$10:$K$5118, 6, FALSE) -> #N/A | H17: =VLOOKUP($A17, Table_S1!$B$10:$K$5118, 7, FALSE) -> #N/A | I17: =VLOOKUP($A17, Table_S1!$B$10:$K$5118, 8, FALSE) -> #N/A | J17: =VLOOKUP($A17, Table_S1!$B$10:$K$5118, 9, FALSE) -> #N/A | K17: =VLOOKUP($A17, Table_S1!$B$10:$K$5118, 10, FALSE) -> #N/A | M17: ='Raw Data'!C27 -> MOF-200 | N17: ='Raw Data'!I27 -> 64.3 | O17: ='Raw Data'!N27 -> 4530 | P17: ='Raw Data'!O27 -> 3.59 | Q17: ='Raw Data'!P27 -> / | R17: 0.22 | S17: ='Raw Data'!L27 -> 298 | T17: ='Raw Data'!M27 -> 50 bar | V17: ='Raw Data'!U27 -> ^^^ | AA17: D: H. Furukawa, N. Ko, Y.B. Go, N. Aratani, S.B. Choi, E. Choi, O.M. Yaghi Ultrahigh porosity in metal-organic frameworks Science, 329 (5990) (2010), pp. 424-428
A18: ='Raw Data'!E28 -> CUSYAR | B18: =M18 -> MOF-210 | C18: =VLOOKUP($A18, Table_S1!$B$10:$K$5118, 2, FALSE) -> #N/A | D18: =VLOOKUP($A18, Table_S1!$B$10:$K$5118, 3, FALSE) -> #N/A | E18: =VLOOKUP($A18, Table_S1!$B$10:$K$5118, 4, FALSE) -> #N/A | F18: =VLOOKUP($A18, Table_S1!$B$10:$K$5118, 5, FALSE) -> #N/A | G18: =VLOOKUP($A18, Table_S1!$B$10:$K$5118, 6, FALSE) -> #N/A | H18: =VLOOKUP($A18, Table_S1!$B$10:$K$5118, 7, FALSE) -> #N/A | I18: =VLOOKUP($A18, Table_S1!$B$10:$K$5118, 8, FALSE) -> #N/A | J18: =VLOOKUP($A18, Table_S1!$B$10:$K$5118, 9, FALSE) -> #N/A | K18: =VLOOKUP($A18, Table_S1!$B$10:$K$5118, 10, FALSE) -> #N/A | M18: ='Raw Data'!C28 -> MOF-210 | N18: ='Raw Data'!I28 -> 65.2 | O18: ='Raw Data'!N28 -> 6240 | P18: ='Raw Data'!O28 -> 3.6 | Q18: ='Raw Data'!P28 -> / | R18: 0.25 | S18: ='Raw Data'!L28 -> 298 | T18: ='Raw Data'!M28 -> 50 bar | V18: ='Raw Data'!U28 -> ^^^ | AA18: D: H. Furukawa, N. Ko, Y.B. Go, N. Aratani, S.B. Choi, E. Choi, O.M. Yaghi Ultrahigh porosity in metal-organic frameworks Science, 329 (5990) (2010), pp. 424-428
A19: ='Raw Data'!E30 -> EDUVEE | B19: =M19 -> IRMOF-11 | C19: =VLOOKUP($A19, Table_S1!$B$10:$K$5118, 2, FALSE) -> #N/A | D19: =VLOOKUP($A19, Table_S1!$B$10:$K$5118, 3, FALSE) -> #N/A | E19: =VLOOKUP($A19, Table_S1!$B$10:$K$5118, 4, FALSE) -> #N/A | F19: =VLOOKUP($A19, Table_S1!$B$10:$K$5118, 5, FALSE) -> #N/A | G19: =VLOOKUP($A19, Table_S1!$B$10:$K$5118, 6, FALSE) -> #N/A | H19: =VLOOKUP($A19, Table_S1!$B$10:$K$5118, 7, FALSE) -> #N/A | I19: =VLOOKUP($A19, Table_S1!$B$10:$K$5118, 8, FALSE) -> #N/A | J19: =VLOOKUP($A19, Table_S1!$B$10:$K$5118, 9, FALSE) -> #N/A | K19: =VLOOKUP($A19, Table_S1!$B$10:$K$5118, 10, FALSE) -> #N/A | M19: ='Raw Data'!C30 -> IRMOF-11 | N19: ='Raw Data'!I30 -> 14.7 | O19: ='Raw Data'!N30 -> 2096 | P19: ='Raw Data'!O30 -> ND | Q19: ='Raw Data'!P30 -> / | R19: ='Raw Data'!Q30 -> / | S19: ='Raw Data'!L30 -> 298 | T19: ='Raw Data'!M30 -> 32 bar | V19: ='Raw Data'!U30 -> A.R. Millward, O.M. Yaghi Metal-organic frameworks with exceptionally high capacity for storage of carbon dioxide at room temperature J Am Chem Soc, 127 (51) (2005), pp. 17998-17999
A20: ='Raw Data'!E31 -> EDUSUR | B20: =M20 -> IRMOF-3 | C20: =VLOOKUP($A20, Table_S1!$B$10:$K$5118, 2, FALSE) -> #N/A | D20: =VLOOKUP($A20, Table_S1!$B$10:$K$5118, 3, FALSE) -> #N/A | E20: =VLOOKUP($A20, Table_S1!$B$10:$K$5118, 4, FALSE) -> #N/A | F20: =VLOOKUP($A20, Table_S1!$B$10:$K$5118, 5, FALSE) -> #N/A | G20: =VLOOKUP($A20, Table_S1!$B$10:$K$5118, 6, FALSE) -> #N/A | H20: =VLOOKUP($A20, Table_S1!$B$10:$K$5118, 7, FALSE) -> #N/A | I20: =VLOOKUP($A20, Table_S1!$B$10:$K$5118, 8, FALSE) -> #N/A | J20: =VLOOKUP($A20, Table_S1!$B$10:$K$5118, 9, FALSE) -> #N/A | K20: =VLOOKUP($A20, Table_S1!$B$10:$K$5118, 10, FALSE) -> #N/A | M20: ='Raw Data'!C31 -> IRMOF-3 | N20: ='Raw Data'!I31 -> 18.7 | O20: ='Raw Data'!N31 -> 2160 | P20: 1.204 | Q20: 10, 15A | R20: ='Raw Data'!Q31 -> / | S20: ='Raw Data'!L31 -> 298 | T20: ='Raw Data'!M31 -> 32 bar | V20: ='Raw Data'!U31 -> ^^^ | Y20: Furukawa H., Miller M. A., Yaghi O. M., Independent verification of the saturation hydrogen uptake in MOF-177 and establishment of a benchmark for hydrogen adsorption in metal–organic frameworks. J. Mater. Chem. 17, 3197 (2007). | Z20: PD: A.R. Millward, O.M. Yaghi Metal-organic frameworks with exceptionally high capacity for storage of carbon dioxide at room temperature J Am Chem Soc, 127 (51) (2005), pp. 17998-17999
A21: ='Raw Data'!E32 -> EDUTIG | B21: =M21 -> IRMOF-6 | C21: =VLOOKUP($A21, Table_S1!$B$10:$K$5118, 2, FALSE) -> #N/A | D21: =VLOOKUP($A21, Table_S1!$B$10:$K$5118, 3, FALSE) -> #N/A | E21: =VLOOKUP($A21, Table_S1!$B$10:$K$5118, 4, FALSE) -> #N/A | F21: =VLOOKUP($A21, Table_S1!$B$10:$K$5118, 5, FALSE) -> #N/A | G21: =VLOOKUP($A21, Table_S1!$B$10:$K$5118, 6, FALSE) -> #N/A | H21: =VLOOKUP($A21, Table_S1!$B$10:$K$5118, 7, FALSE) -> #N/A | I21: =VLOOKUP($A21, Table_S1!$B$10:$K$5118, 8, FALSE) -> #N/A | J21: =VLOOKUP($A21, Table_S1!$B$10:$K$5118, 9, FALSE) -> #N/A | K21: =VLOOKUP($A21, Table_S1!$B$10:$K$5118, 10, FALSE) -> #N/A | M21: ='Raw Data'!C32 -> IRMOF-6 | N21: ='Raw Data'!I32 -> 19.5 | O21: ='Raw Data'!N32 -> 2516 | P21: ='Raw Data'!O32 -> / | Q21: 10, 15A | R21: ='Raw Data'!Q32 -> / | S21: ='Raw Data'!L32 -> 298 | T21: ='Raw Data'!M32 -> 32 bar | V21: ='Raw Data'!U32 -> ^^^ | Z21: PD: A.R. Millward, O.M. Yaghi Metal-organic frameworks with exceptionally high capacity for storage of carbon dioxide at room temperature J Am Chem Soc, 127 (51) (2005), pp. 17998-17999
A22: ='Raw Data'!E33 -> EDUSIF | B22: =M22 -> IRMOF-1 | C22: =VLOOKUP($A22, Table_S1!$B$10:$K$5118, 2, FALSE) -> Zn | D22: =VLOOKUP($A22, Table_S1!$B$10:$K$5118, 3, FALSE) -> 0.593338 | E22: =VLOOKUP($A22, Table_S1!$B$10:$K$5118, 4, FALSE) -> 7.91583 | F22: =VLOOKUP($A22, Table_S1!$B$10:$K$5118, 5, FALSE) -> 15.06639 | G22: =VLOOKUP($A22, Table_S1!$B$10:$K$5118, 6, FALSE) -> 2156.27 | H22: =VLOOKUP($A22, Table_S1!$B$10:$K$5118, 7, FALSE) -> 3634.13 | I22: =VLOOKUP($A22, Table_S1!$B$10:$K$5118, 8, FALSE) -> 0.829192 | J22: =VLOOKUP($A22, Table_S1!$B$10:$K$5118, 9, FALSE) -> 1.36205 | K22: =VLOOKUP($A22, Table_S1!$B$10:$K$5118, 10, FALSE) -> 0 | M22: ='Raw Data'!C33 -> IRMOF-1 | N22: ='Raw Data'!I33 -> 21.7 | O22: ='Raw Data'!N33 -> 2833 | P22: 1.319 | Q22: 12, 15A | R22: ='Raw Data'!Q33 -> / | S22: ='Raw Data'!L33 -> 298 | T22: ='Raw Data'!M33 -> 32 bar | V22: ='Raw Data'!U33 -> ^^^ | Y22: Furukawa H., Miller M. A., Yaghi O. M., Independent verification of the saturation hydrogen uptake in MOF-177 and establishment of a benchmark for hydrogen adsorption in metal–organic frameworks. J. Mater. Chem. 17, 3197 (2007). | Z22: A.R. Millward, O.M. Yaghi Metal-organic frameworks with exceptionally high capacity for storage of carbon dioxide at room temperature J Am Chem Soc, 127 (51) (2005), pp. 17998-17999 PV: A.O. Yazaydin, R.Q. Snurr, T.H. Park, K. Koh, J. Liu, M.D. LeVan, A.I. Benin, P. Jakubczak, M. Lanuza, D.B. Galloway, J.J. Low Screening of metal-organic frameworks for carbon dioxide capture from flue gas using a combined experimental and modeling approach J Am Chem Soc, 131 (51) (2009), pp. 18198-18199
A23: ='Raw Data'!E35 -> VUJBIM | B23: =M23 -> PCN-61 | C23: =VLOOKUP($A23, Table_S1!$B$10:$K$5118, 2, FALSE) -> Cu | D23: =VLOOKUP($A23, Table_S1!$B$10:$K$5118, 3, FALSE) -> 0.560742 | E23: =VLOOKUP($A23, Table_S1!$B$10:$K$5118, 4, FALSE) -> 6.62187 | F23: =VLOOKUP($A23, Table_S1!$B$10:$K$5118, 5, FALSE) -> 18.70668 | G23: =VLOOKUP($A23, Table_S1!$B$10:$K$5118, 6, FALSE) -> 2086.69 | H23: =VLOOKUP($A23, Table_S1!$B$10:$K$5118, 7, FALSE) -> 3721.31 | I23: =VLOOKUP($A23, Table_S1!$B$10:$K$5118, 8, FALSE) -> 0.846988 | J23: =VLOOKUP($A23, Table_S1!$B$10:$K$5118, 9, FALSE) -> 1.41413 | K23: =VLOOKUP($A23, Table_S1!$B$10:$K$5118, 10, FALSE) -> 0 | M23: ='Raw Data'!C35 -> PCN-61 | N23: ='Raw Data'!I35 -> 23.5 | O23: ='Raw Data'!N35 -> 3000 | P23: ='Raw Data'!O35 -> 1.36 | Q23: ='Raw Data'!P35 -> / | R23: ='Raw Data'!Q35 -> / | S23: ='Raw Data'!L35 -> 298 | T23: ='Raw Data'!M35 -> 35 bar | V23: ='Raw Data'!U35 -> D. Yuan, D. Zhao, D. Sun, H.C. Zhou An isoreticular series of metal–organic frameworks with dendritic hexacarboxylate ligands and exceptionally high gas-uptake capacity Angew Chem, 122 (31) (2010), pp. 5485-548
A24: ='Raw Data'!E36 -> VUJBOS | B24: =M24 -> PCN-66 | C24: =VLOOKUP($A24, Table_S1!$B$10:$K$5118, 2, FALSE) -> #N/A | D24: =VLOOKUP($A24, Table_S1!$B$10:$K$5118, 3, FALSE) -> #N/A | E24: =VLOOKUP($A24, Table_S1!$B$10:$K$5118, 4, FALSE) -> #N/A | F24: =VLOOKUP($A24, Table_S1!$B$10:$K$5118, 5, FALSE) -> #N/A | G24: =VLOOKUP($A24, Table_S1!$B$10:$K$5118, 6, FALSE) -> #N/A | H24: =VLOOKUP($A24, Table_S1!$B$10:$K$5118, 7, FALSE) -> #N/A | I24: =VLOOKUP($A24, Table_S1!$B$10:$K$5118, 8, FALSE) -> #N/A | J24: =VLOOKUP($A24, Table_S1!$B$10:$K$5118, 9, FALSE) -> #N/A | K24: =VLOOKUP($A24, Table_S1!$B$10:$K$5118, 10, FALSE) -> #N/A | M24: ='Raw Data'!C36 -> PCN-66 | N24: ='Raw Data'!I36 -> 26.3 | O24: ='Raw Data'!N36 -> 4000 | P24: ='Raw Data'!O36 -> 1.63 | Q24: ='Raw Data'!P36 -> / | R24: ='Raw Data'!Q36 -> / | S24: ='Raw Data'!L36 -> 298 | T24: ='Raw Data'!M36 -> 35 bar | V24: ='Raw Data'!U36 -> ^^^
A25: ='Raw Data'!E37 -> HABRAF | B25: =M25 -> PCN-68 | C25: =VLOOKUP($A25, Table_S1!$B$10:$K$5118, 2, FALSE) -> Cu | D25: =VLOOKUP($A25, Table_S1!$B$10:$K$5118, 3, FALSE) -> 0.38234 | E25: =VLOOKUP($A25, Table_S1!$B$10:$K$5118, 4, FALSE) -> 9.03547 | F25: =VLOOKUP($A25, Table_S1!$B$10:$K$5118, 5, FALSE) -> 24.30025 | G25: =VLOOKUP($A25, Table_S1!$B$10:$K$5118, 6, FALSE) -> 1854.22 | H25: =VLOOKUP($A25, Table_S1!$B$10:$K$5118, 7, FALSE) -> 4849.67 | I25: =VLOOKUP($A25, Table_S1!$B$10:$K$5118, 8, FALSE) -> 0.889946 | J25: =VLOOKUP($A25, Table_S1!$B$10:$K$5118, 9, FALSE) -> 2.21088 | K25: =VLOOKUP($A25, Table_S1!$B$10:$K$5118, 10, FALSE) -> removed duplicates + geom. Minimization | M25: ='Raw Data'!C37 -> PCN-68 | N25: ='Raw Data'!I37 -> 30.4 | O25: ='Raw Data'!N37 -> 5109 | P25: ='Raw Data'!O37 -> 2.13 | Q25: ='Raw Data'!P37 -> / | R25: ='Raw Data'!Q37 -> / | S25: ='Raw Data'!L37 -> 298 | T25: ='Raw Data'!M37 -> 35 bar | V25: ='Raw Data'!U37 -> ^^^
A26: ='Raw Data'!E40 -> DOTSOV42 | B26: =M26 -> HKUST-1 | C26: =VLOOKUP($A26, Table_S1!$B$10:$K$5118, 2, FALSE) -> Cu | D26: =VLOOKUP($A26, Table_S1!$B$10:$K$5118, 3, FALSE) -> 0.88463 | E26: =VLOOKUP($A26, Table_S1!$B$10:$K$5118, 4, FALSE) -> 6.68237 | F26: =VLOOKUP($A26, Table_S1!$B$10:$K$5118, 5, FALSE) -> 13.28197 | G26: =VLOOKUP($A26, Table_S1!$B$10:$K$5118, 6, FALSE) -> 1832.89 | H26: =VLOOKUP($A26, Table_S1!$B$10:$K$5118, 7, FALSE) -> 2070.82 | I26: =VLOOKUP($A26, Table_S1!$B$10:$K$5118, 8, FALSE) -> 0.751817 | J26: =VLOOKUP($A26, Table_S1!$B$10:$K$5118, 9, FALSE) -> 0.812183 | K26: =VLOOKUP($A26, Table_S1!$B$10:$K$5118, 10, FALSE) -> 0 | M26: ='Raw Data'!C40 -> HKUST-1 | N26: ='Raw Data'!I40 -> 5.1 | O26: ='Raw Data'!N40 -> 2134 | P26: 0.801 | Q26: ='Raw Data'!P40 -> 5.05/10.45/12.4 | R26: ='Raw Data'!Q40 -> / | S26: ='Raw Data'!L40 -> 295 | T26: ='Raw Data'!M40 -> 1 | V26: ='Raw Data'!U40 -> A.O. Yazaydin, R.Q. Snurr, T.H. Park, K. Koh, J. Liu, M.D. LeVan, A.I. Benin, P. Jakubczak, M. Lanuza, D.B. Galloway, J.J. Low Screening of metal-organic frameworks for carbon dioxide capture from flue gas using a combined experimental and modeling approach J Am Chem Soc, 131 (51) (2009), pp. 18198-18199 | Y26: Furukawa H., Miller M. A., Yaghi O. M., Independent verification of the saturation hydrogen uptake in MOF-177 and establishment of a benchmark for hydrogen adsorption in metal–organic frameworks. J. Mater. Chem. 17, 3197 (2007).
A27: ='Raw Data'!E41 -> OKABEI | B27: =M27 -> UMCM-150 | C27: =VLOOKUP($A27, Table_S1!$B$10:$K$5118, 2, FALSE) -> Cu | D27: =VLOOKUP($A27, Table_S1!$B$10:$K$5118, 3, FALSE) -> 0.653017 | E27: =VLOOKUP($A27, Table_S1!$B$10:$K$5118, 4, FALSE) -> 9.42284 | F27: =VLOOKUP($A27, Table_S1!$B$10:$K$5118, 5, FALSE) -> 13.86987 | G27: =VLOOKUP($A27, Table_S1!$B$10:$K$5118, 6, FALSE) -> 2030.48 | H27: =VLOOKUP($A27, Table_S1!$B$10:$K$5118, 7, FALSE) -> 3109.38 | I27: =VLOOKUP($A27, Table_S1!$B$10:$K$5118, 8, FALSE) -> 0.825521 | J27: =VLOOKUP($A27, Table_S1!$B$10:$K$5118, 9, FALSE) -> 1.18812 | K27: =VLOOKUP($A27, Table_S1!$B$10:$K$5118, 10, FALSE) -> 0 | M27: ='Raw Data'!C41 -> UMCM-150 | N27: ='Raw Data'!I41 -> 2.6 | O27: ='Raw Data'!N41 -> 3236 | P27: 1.186 | Q27: ='Raw Data'!P41 -> 9.25/10.55/13.25 | R27: ='Raw Data'!Q41 -> / | S27: ='Raw Data'!L41 -> 298 | T27: ='Raw Data'!M41 -> 1 | V27: ='Raw Data'!U41 -> ^^^ | Y27: A.O. Yazaydin, R.Q. Snurr, T.H. Park, K. Koh, J. Liu, M.D. LeVan, A.I. Benin, P. Jakubczak, M. Lanuza, D.B. Galloway, J.J. Low Screening of metal-organic frameworks for carbon dioxide capture from flue gas using a combined experimental and modeling approach J Am Chem Soc, 131 (51) (2009), pp. 18198-18199
A28: ='Raw Data'!E42 -> OKABAE | B28: =M28 -> UMCM-150(N)2 | C28: =VLOOKUP($A28, Table_S1!$B$10:$K$5118, 2, FALSE) -> Cu | D28: =VLOOKUP($A28, Table_S1!$B$10:$K$5118, 3, FALSE) -> 0.650845 | E28: =VLOOKUP($A28, Table_S1!$B$10:$K$5118, 4, FALSE) -> 9.53484 | F28: =VLOOKUP($A28, Table_S1!$B$10:$K$5118, 5, FALSE) -> 14.07417 | G28: =VLOOKUP($A28, Table_S1!$B$10:$K$5118, 6, FALSE) -> 2034.36 | H28: =VLOOKUP($A28, Table_S1!$B$10:$K$5118, 7, FALSE) -> 3125.73 | I28: =VLOOKUP($A28, Table_S1!$B$10:$K$5118, 8, FALSE) -> 0.822327 | J28: =VLOOKUP($A28, Table_S1!$B$10:$K$5118, 9, FALSE) -> 1.19593 | K28: =VLOOKUP($A28, Table_S1!$B$10:$K$5118, 10, FALSE) -> 0 | M28: ='Raw Data'!C42 -> UMCM-150(N)2 | N28: ='Raw Data'!I42 -> 2.7 | O28: ='Raw Data'!N42 -> 3110 | P28: 1.168 | Q28: ='Raw Data'!P42 -> 9.45/11.55/13.35 | R28: ='Raw Data'!Q42 -> / | S28: ='Raw Data'!L42 -> 298 | T28: ='Raw Data'!M42 -> 1 | V28: ='Raw Data'!U42 -> ^^^
A29: ='Raw Data'!E43 -> HEJPIZ | B29: =M29 -> MIL-47 | C29: =VLOOKUP($A29, Table_S1!$B$10:$K$5118, 2, FALSE) -> #N/A | D29: =VLOOKUP($A29, Table_S1!$B$10:$K$5118, 3, FALSE) -> #N/A | E29: =VLOOKUP($A29, Table_S1!$B$10:$K$5118, 4, FALSE) -> #N/A | F29: =VLOOKUP($A29, Table_S1!$B$10:$K$5118, 5, FALSE) -> #N/A | G29: =VLOOKUP($A29, Table_S1!$B$10:$K$5118, 6, FALSE) -> #N/A | H29: =VLOOKUP($A29, Table_S1!$B$10:$K$5118, 7, FALSE) -> #N/A | I29: =VLOOKUP($A29, Table_S1!$B$10:$K$5118, 8, FALSE) -> #N/A | J29: =VLOOKUP($A29, Table_S1!$B$10:$K$5118, 9, FALSE) -> #N/A | K29: =VLOOKUP($A29, Table_S1!$B$10:$K$5118, 10, FALSE) -> #N/A | M29: ='Raw Data'!C43 -> MIL-47 | N29: ='Raw Data'!I43 -> 2 | O29: ='Raw Data'!N43 -> 1511 | P29: 0.604 | Q29: ='Raw Data'!P43 -> 7.35 | R29: ='Raw Data'!Q43 -> / | S29: ='Raw Data'!L43 -> 298 | T29: ='Raw Data'!M43 -> 1 | V29: ='Raw Data'!U43 -> ^^^
A30: ='Raw Data'!E44 -> BABRII | B30: =M30 -> MOF-177 | C30: =VLOOKUP($A30, Table_S1!$B$10:$K$5118, 2, FALSE) -> #N/A | D30: =VLOOKUP($A30, Table_S1!$B$10:$K$5118, 3, FALSE) -> #N/A | E30: =VLOOKUP($A30, Table_S1!$B$10:$K$5118, 4, FALSE) -> #N/A | F30: =VLOOKUP($A30, Table_S1!$B$10:$K$5118, 5, FALSE) -> #N/A | G30: =VLOOKUP($A30, Table_S1!$B$10:$K$5118, 6, FALSE) -> #N/A | H30: =VLOOKUP($A30, Table_S1!$B$10:$K$5118, 7, FALSE) -> #N/A | I30: =VLOOKUP($A30, Table_S1!$B$10:$K$5118, 8, FALSE) -> #N/A | J30: =VLOOKUP($A30, Table_S1!$B$10:$K$5118, 9, FALSE) -> #N/A | K30: =VLOOKUP($A30, Table_S1!$B$10:$K$5118, 10, FALSE) -> #N/A | M30: ='Raw Data'!C44 -> MOF-177 | N30: ='Raw Data'!I44 -> 1.6 | O30: ='Raw Data'!N44 -> 4833 | P30: 1.89 | Q30: ='Raw Data'!P44 -> 10.45 | R30: 0.43 | S30: ='Raw Data'!L44 -> 298 | T30: ='Raw Data'!M44 -> 1 | V30: ='Raw Data'!U44 -> ^^^ | Y30: Furukawa H., Miller M. A., Yaghi O. M., Independent verification of the saturation hydrogen uptake in MOF-177 and establishment of a benchmark for hydrogen adsorption in metal–organic frameworks. J. Mater. Chem. 17, 3197 (2007). | AA30: Furukawa H., Miller M. A., Yaghi O. M., Independent verification of the saturation hydrogen uptake in MOF-177 and establishment of a benchmark for hydrogen adsorption in metal–organic frameworks. J. Mater. Chem. 17, 3197 (2007).
A31: ='Raw Data'!E45 -> EDUSUR | B31: =M31 -> IRMOF-3 | C31: =VLOOKUP($A31, Table_S1!$B$10:$K$5118, 2, FALSE) -> #N/A | D31: =VLOOKUP($A31, Table_S1!$B$10:$K$5118, 3, FALSE) -> #N/A | E31: =VLOOKUP($A31, Table_S1!$B$10:$K$5118, 4, FALSE) -> #N/A | F31: =VLOOKUP($A31, Table_S1!$B$10:$K$5118, 5, FALSE) -> #N/A | G31: =VLOOKUP($A31, Table_S1!$B$10:$K$5118, 6, FALSE) -> #N/A | H31: =VLOOKUP($A31, Table_S1!$B$10:$K$5118, 7, FALSE) -> #N/A | I31: =VLOOKUP($A31, Table_S1!$B$10:$K$5118, 8, FALSE) -> #N/A | J31: =VLOOKUP($A31, Table_S1!$B$10:$K$5118, 9, FALSE) -> #N/A | K31: =VLOOKUP($A31, Table_S1!$B$10:$K$5118, 10, FALSE) -> #N/A | M31: ='Raw Data'!C45 -> IRMOF-3 | N31: ='Raw Data'!I45 -> 1.1 | O31: ='Raw Data'!N45 -> 3365 | P31: 1.204 | Q31: ='Raw Data'!P45 -> 8.65/14.25 | R31: ='Raw Data'!Q45 -> / | S31: ='Raw Data'!L45 -> 298 | T31: ='Raw Data'!M45 -> 1 | V31: ='Raw Data'!U45 -> ^^^
A32: ='Raw Data'!E46 -> KISXIU | B32: =M32 -> UMCM-1 | C32: =VLOOKUP($A32, Table_S1!$B$10:$K$5118, 2, FALSE) -> #N/A | D32: =VLOOKUP($A32, Table_S1!$B$10:$K$5118, 3, FALSE) -> #N/A | E32: =VLOOKUP($A32, Table_S1!$B$10:$K$5118, 4, FALSE) -> #N/A | F32: =VLOOKUP($A32, Table_S1!$B$10:$K$5118, 5, FALSE) -> #N/A | G32: =VLOOKUP($A32, Table_S1!$B$10:$K$5118, 6, FALSE) -> #N/A | H32: =VLOOKUP($A32, Table_S1!$B$10:$K$5118, 7, FALSE) -> #N/A | I32: =VLOOKUP($A32, Table_S1!$B$10:$K$5118, 8, FALSE) -> #N/A | J32: =VLOOKUP($A32, Table_S1!$B$10:$K$5118, 9, FALSE) -> #N/A | K32: =VLOOKUP($A32, Table_S1!$B$10:$K$5118, 10, FALSE) -> #N/A | M32: ='Raw Data'!C46 -> UMCM-1 | N32: ='Raw Data'!I46 -> 0.9 | O32: ='Raw Data'!N46 -> 4972 | P32: 2.146 | Q32: ='Raw Data'!P46 -> 10.45/14.05/23.75 | R32: ='Raw Data'!Q46 -> / | S32: ='Raw Data'!L46 -> 298 | T32: ='Raw Data'!M46 -> 1 | V32: ='Raw Data'!U46 -> ^^^ | Y32: Furukawa H., Miller M. A., Yaghi O. M., Independent verification of the saturation hydrogen uptake in MOF-177 and establishment of a benchmark for hydrogen adsorption in metal–organic frameworks. J. Mater. Chem. 17, 3197 (2007).
A33: ='Raw Data'!E47 -> EDUSIF | B33: =M33 -> IRMOF-1 | C33: =VLOOKUP($A33, Table_S1!$B$10:$K$5118, 2, FALSE) -> Zn | D33: =VLOOKUP($A33, Table_S1!$B$10:$K$5118, 3, FALSE) -> 0.593338 | E33: =VLOOKUP($A33, Table_S1!$B$10:$K$5118, 4, FALSE) -> 7.91583 | F33: =VLOOKUP($A33, Table_S1!$B$10:$K$5118, 5, FALSE) -> 15.06639 | G33: =VLOOKUP($A33, Table_S1!$B$10:$K$5118, 6, FALSE) -> 2156.27 | H33: =VLOOKUP($A33, Table_S1!$B$10:$K$5118, 7, FALSE) -> 3634.13 | I33: =VLOOKUP($A33, Table_S1!$B$10:$K$5118, 8, FALSE) -> 0.829192 | J33: =VLOOKUP($A33, Table_S1!$B$10:$K$5118, 9, FALSE) -> 1.36205 | K33: =VLOOKUP($A33, Table_S1!$B$10:$K$5118, 10, FALSE) -> 0 | M33: ='Raw Data'!C47 -> IRMOF-1 | N33: ='Raw Data'!I47 -> 0.8 | O33: ='Raw Data'!N47 -> 3562 | P33: 1.319 | Q33: ='Raw Data'!P47 -> 11.25/14.45 | R33: ='Raw Data'!Q47 -> / | S33: ='Raw Data'!L47 -> 298 | T33: ='Raw Data'!M47 -> 1 | V33: ='Raw Data'!U47 -> ^^^ | Y33: Furukawa H., Miller M. A., Yaghi O. M., Independent verification of the saturation hydrogen uptake in MOF-177 and establishment of a benchmark for hydrogen adsorption in metal–organic frameworks. J. Mater. Chem. 17, 3197 (2007).
A34: ='Raw Data'!E50 -> ORIVOC | B34: =M34 -> Zn-MOF-74 | C34: =VLOOKUP($A34, Table_S1!$B$10:$K$5118, 2, FALSE) -> #N/A | D34: =VLOOKUP($A34, Table_S1!$B$10:$K$5118, 3, FALSE) -> #N/A | E34: =VLOOKUP($A34, Table_S1!$B$10:$K$5118, 4, FALSE) -> #N/A | F34: =VLOOKUP($A34, Table_S1!$B$10:$K$5118, 5, FALSE) -> #N/A | G34: =VLOOKUP($A34, Table_S1!$B$10:$K$5118, 6, FALSE) -> #N/A | H34: =VLOOKUP($A34, Table_S1!$B$10:$K$5118, 7, FALSE) -> #N/A | I34: =VLOOKUP($A34, Table_S1!$B$10:$K$5118, 8, FALSE) -> #N/A | J34: =VLOOKUP($A34, Table_S1!$B$10:$K$5118, 9, FALSE) -> #N/A | K34: =VLOOKUP($A34, Table_S1!$B$10:$K$5118, 10, FALSE) -> #N/A | M34: ='Raw Data'!C50 -> Zn-MOF-74 | N34: ='Raw Data'!I50 -> 5.5 | O34: ='Raw Data'!N50 -> 816 | P34: ='Raw Data'!O50 -> ND | Q34: ='Raw Data'!P50 -> / | R34: ='Raw Data'!Q50 -> / | S34: ='Raw Data'!L50 -> 298 | T34: ='Raw Data'!M50 -> 1.013 | V34: ='Raw Data'!U50 -> A.O. Yazaydin, R.Q. Snurr, T.H. Park, K. Koh, J. Liu, M.D. LeVan, A.I. Benin, P. Jakubczak, M. Lanuza, D.B. Galloway, J.J. Low Screening of metal-organic frameworks for carbon dioxide capture from flue gas using a combined experimental and modeling approach J Am Chem Soc, 131 (51) (2009), pp. 18198-18199
A35: ='Raw Data'!E51 -> ORIVUI | B35: =M35 -> Ni-MOF-74 | C35: =VLOOKUP($A35, Table_S1!$B$10:$K$5118, 2, FALSE) -> #N/A | D35: =VLOOKUP($A35, Table_S1!$B$10:$K$5118, 3, FALSE) -> #N/A | E35: =VLOOKUP($A35, Table_S1!$B$10:$K$5118, 4, FALSE) -> #N/A | F35: =VLOOKUP($A35, Table_S1!$B$10:$K$5118, 5, FALSE) -> #N/A | G35: =VLOOKUP($A35, Table_S1!$B$10:$K$5118, 6, FALSE) -> #N/A | H35: =VLOOKUP($A35, Table_S1!$B$10:$K$5118, 7, FALSE) -> #N/A | I35: =VLOOKUP($A35, Table_S1!$B$10:$K$5118, 8, FALSE) -> #N/A | J35: =VLOOKUP($A35, Table_S1!$B$10:$K$5118, 9, FALSE) -> #N/A | K35: =VLOOKUP($A35, Table_S1!$B$10:$K$5118, 10, FALSE) -> #N/A | M35: ='Raw Data'!C51 -> Ni-MOF-74 | N35: ='Raw Data'!I51 -> 5.8 | O35: ='Raw Data'!N51 -> 1070 | P35: ='Raw Data'!O51 -> / | Q35: ='Raw Data'!P51 -> / | R35: ='Raw Data'!Q51 -> / | S35: ='Raw Data'!L51 -> 298 | T35: ='Raw Data'!M51 -> 1.013 | V35: ='Raw Data'!U51 -> ^^^
A36: ='Raw Data'!E52 -> ORIWAP | B36: =M36 -> Co-MOF-74 | C36: =VLOOKUP($A36, Table_S1!$B$10:$K$5118, 2, FALSE) -> #N/A | D36: =VLOOKUP($A36, Table_S1!$B$10:$K$5118, 3, FALSE) -> #N/A | E36: =VLOOKUP($A36, Table_S1!$B$10:$K$5118, 4, FALSE) -> #N/A | F36: =VLOOKUP($A36, Table_S1!$B$10:$K$5118, 5, FALSE) -> #N/A | G36: =VLOOKUP($A36, Table_S1!$B$10:$K$5118, 6, FALSE) -> #N/A | H36: =VLOOKUP($A36, Table_S1!$B$10:$K$5118, 7, FALSE) -> #N/A | I36: =VLOOKUP($A36, Table_S1!$B$10:$K$5118, 8, FALSE) -> #N/A | J36: =VLOOKUP($A36, Table_S1!$B$10:$K$5118, 9, FALSE) -> #N/A | K36: =VLOOKUP($A36, Table_S1!$B$10:$K$5118, 10, FALSE) -> #N/A | M36: ='Raw Data'!C52 -> Co-MOF-74 | N36: ='Raw Data'!I52 -> 7 | O36: ='Raw Data'!N52 -> 1080 | P36: ='Raw Data'!O52 -> / | Q36: ='Raw Data'!P52 -> / | R36: ='Raw Data'!Q52 -> / | S36: ='Raw Data'!L52 -> 298 | T36: ='Raw Data'!M52 -> 1.013 | V36: ='Raw Data'!U52 -> ^^^
A37: ='Raw Data'!E53 -> / | B37: =M37 -> Mg-MOF-74 | C37: =VLOOKUP($A37, Table_S1!$B$10:$K$5118, 2, FALSE) -> #N/A | D37: =VLOOKUP($A37, Table_S1!$B$10:$K$5118, 3, FALSE) -> #N/A | E37: =VLOOKUP($A37, Table_S1!$B$10:$K$5118, 4, FALSE) -> #N/A | F37: =VLOOKUP($A37, Table_S1!$B$10:$K$5118, 5, FALSE) -> #N/A | G37: =VLOOKUP($A37, Table_S1!$B$10:$K$5118, 6, FALSE) -> #N/A | H37: =VLOOKUP($A37, Table_S1!$B$10:$K$5118, 7, FALSE) -> #N/A | I37: =VLOOKUP($A37, Table_S1!$B$10:$K$5118, 8, FALSE) -> #N/A | J37: =VLOOKUP($A37, Table_S1!$B$10:$K$5118, 9, FALSE) -> #N/A | K37: =VLOOKUP($A37, Table_S1!$B$10:$K$5118, 10, FALSE) -> #N/A | M37: ='Raw Data'!C53 -> Mg-MOF-74 | N37: ='Raw Data'!I53 -> 8.5 | O37: ='Raw Data'!N53 -> 1495 | P37: ='Raw Data'!O53 -> / | Q37: ='Raw Data'!P53 -> / | R37: ='Raw Data'!Q53 -> / | S37: ='Raw Data'!L53 -> 298 | T37: ='Raw Data'!M53 -> 1.013 | V37: ='Raw Data'!U53 -> ^^^
A38: ='Raw Data'!E55 -> ORIWAP | B38: =M38 -> MOF-74-Co1 | C38: =VLOOKUP($A38, Table_S1!$B$10:$K$5118, 2, FALSE) -> #N/A | D38: =VLOOKUP($A38, Table_S1!$B$10:$K$5118, 3, FALSE) -> #N/A | E38: =VLOOKUP($A38, Table_S1!$B$10:$K$5118, 4, FALSE) -> #N/A | F38: =VLOOKUP($A38, Table_S1!$B$10:$K$5118, 5, FALSE) -> #N/A | G38: =VLOOKUP($A38, Table_S1!$B$10:$K$5118, 6, FALSE) -> #N/A | H38: =VLOOKUP($A38, Table_S1!$B$10:$K$5118, 7, FALSE) -> #N/A | I38: =VLOOKUP($A38, Table_S1!$B$10:$K$5118, 8, FALSE) -> #N/A | J38: =VLOOKUP($A38, Table_S1!$B$10:$K$5118, 9, FALSE) -> #N/A | K38: =VLOOKUP($A38, Table_S1!$B$10:$K$5118, 10, FALSE) -> #N/A | M38: ='Raw Data'!C55 -> MOF-74-Co1 | N38: ='Raw Data'!I55 -> 3.4 | O38: ='Raw Data'!N55 -> 2941 | P38: ='Raw Data'!O55 -> 1.77 | Q38: ='Raw Data'!P55 -> / | R38: ='Raw Data'!Q55 -> / | S38: ='Raw Data'!L55 -> 298 | T38: ='Raw Data'!M55 -> 1.013 | V38: ='Raw Data'!U55 -> D. Britt, H. Furukawa, B. Wang, T.G. Glover, O.M. Yaghi Highly efficient separation of carbon dioxide by a metal-organic framework replete with open metal sites P Natl A Sci, 106 (49) (2009), pp. 20637-20640
A39: ='Raw Data'!E56 -> ORIWAP | B39: =M39 -> MOF-74-Co2 | C39: =VLOOKUP($A39, Table_S1!$B$10:$K$5118, 2, FALSE) -> #N/A | D39: =VLOOKUP($A39, Table_S1!$B$10:$K$5118, 3, FALSE) -> #N/A | E39: =VLOOKUP($A39, Table_S1!$B$10:$K$5118, 4, FALSE) -> #N/A | F39: =VLOOKUP($A39, Table_S1!$B$10:$K$5118, 5, FALSE) -> #N/A | G39: =VLOOKUP($A39, Table_S1!$B$10:$K$5118, 6, FALSE) -> #N/A | H39: =VLOOKUP($A39, Table_S1!$B$10:$K$5118, 7, FALSE) -> #N/A | I39: =VLOOKUP($A39, Table_S1!$B$10:$K$5118, 8, FALSE) -> #N/A | J39: =VLOOKUP($A39, Table_S1!$B$10:$K$5118, 9, FALSE) -> #N/A | K39: =VLOOKUP($A39, Table_S1!$B$10:$K$5118, 10, FALSE) -> #N/A | M39: ='Raw Data'!C56 -> MOF-74-Co2 | N39: ='Raw Data'!I56 -> 4.1 | O39: ='Raw Data'!N56 -> 2712 | P39: ='Raw Data'!O56 -> 1.38 | Q39: ='Raw Data'!P56 -> / | R39: ='Raw Data'!Q56 -> / | S39: ='Raw Data'!L56 -> 298 | T39: ='Raw Data'!M56 -> 1.013 | V39: ='Raw Data'!U56 -> ^^^
A40: ='Raw Data'!E57 -> ORIWAP | B40: =M40 -> MOF-74-Co3 | C40: =VLOOKUP($A40, Table_S1!$B$10:$K$5118, 2, FALSE) -> #N/A | D40: =VLOOKUP($A40, Table_S1!$B$10:$K$5118, 3, FALSE) -> #N/A | E40: =VLOOKUP($A40, Table_S1!$B$10:$K$5118, 4, FALSE) -> #N/A | F40: =VLOOKUP($A40, Table_S1!$B$10:$K$5118, 5, FALSE) -> #N/A | G40: =VLOOKUP($A40, Table_S1!$B$10:$K$5118, 6, FALSE) -> #N/A | H40: =VLOOKUP($A40, Table_S1!$B$10:$K$5118, 7, FALSE) -> #N/A | I40: =VLOOKUP($A40, Table_S1!$B$10:$K$5118, 8, FALSE) -> #N/A | J40: =VLOOKUP($A40, Table_S1!$B$10:$K$5118, 9, FALSE) -> #N/A | K40: =VLOOKUP($A40, Table_S1!$B$10:$K$5118, 10, FALSE) -> #N/A | M40: ='Raw Data'!C57 -> MOF-74-Co3 | N40: ='Raw Data'!I57 -> 3.9 | O40: ='Raw Data'!N57 -> 2065 | P40: ='Raw Data'!O57 -> 1.15 | Q40: ='Raw Data'!P57 -> / | R40: ='Raw Data'!Q57 -> / | S40: ='Raw Data'!L57 -> 298 | T40: ='Raw Data'!M57 -> 1.013 | V40: ='Raw Data'!U57 -> ^^^
A41: ='Raw Data'!E59 -> HEJPAR | B41: =M41 -> AMINO-MIL-53 (AI) | C41: =VLOOKUP($A41, Table_S1!$B$10:$K$5118, 2, FALSE) -> #N/A | D41: =VLOOKUP($A41, Table_S1!$B$10:$K$5118, 3, FALSE) -> #N/A | E41: =VLOOKUP($A41, Table_S1!$B$10:$K$5118, 4, FALSE) -> #N/A | F41: =VLOOKUP($A41, Table_S1!$B$10:$K$5118, 5, FALSE) -> #N/A | G41: =VLOOKUP($A41, Table_S1!$B$10:$K$5118, 6, FALSE) -> #N/A | H41: =VLOOKUP($A41, Table_S1!$B$10:$K$5118, 7, FALSE) -> #N/A | I41: =VLOOKUP($A41, Table_S1!$B$10:$K$5118, 8, FALSE) -> #N/A | J41: =VLOOKUP($A41, Table_S1!$B$10:$K$5118, 9, FALSE) -> #N/A | K41: =VLOOKUP($A41, Table_S1!$B$10:$K$5118, 10, FALSE) -> #N/A | M41: ='Raw Data'!C59 -> AMINO-MIL-53 (AI) | N41: ='Raw Data'!I59 -> 6.7 | O41: ='Raw Data'!N59 -> 675 | P41: ='Raw Data'!O59 -> 0.22 | Q41: ='Raw Data'!P59 -> / | R41: ='Raw Data'!Q59 -> / | S41: ='Raw Data'!L59 -> 313 | T41: ='Raw Data'!M59 -> ND | V41: ='Raw Data'!U59 -> W. Meng, Y. Zeng, Z. Liang, W. Guo, C. Zhi, Y. Wu, R. Zhong, C. Qu, R. Zou Tuning expanded pores in metal–organic frameworks for selective capture and catalytic conversion of carbon dioxide ChemSusChem, 11 (21) (2018), pp. 3751-3757
A42: ='Raw Data'!E61 -> YUVSUE | B42: =M42 -> BIO_MOF-11 | C42: =VLOOKUP($A42, Table_S1!$B$10:$K$5118, 2, FALSE) -> Co | D42: =VLOOKUP($A42, Table_S1!$B$10:$K$5118, 3, FALSE) -> 1.23437 | E42: =VLOOKUP($A42, Table_S1!$B$10:$K$5118, 4, FALSE) -> 4.59524 | F42: =VLOOKUP($A42, Table_S1!$B$10:$K$5118, 5, FALSE) -> 5.76359 | G42: =VLOOKUP($A42, Table_S1!$B$10:$K$5118, 6, FALSE) -> 1043.77 | H42: =VLOOKUP($A42, Table_S1!$B$10:$K$5118, 7, FALSE) -> 845.591 | I42: =VLOOKUP($A42, Table_S1!$B$10:$K$5118, 8, FALSE) -> 0.400335 | J42: =VLOOKUP($A42, Table_S1!$B$10:$K$5118, 9, FALSE) -> 0.434506 | K42: =VLOOKUP($A42, Table_S1!$B$10:$K$5118, 10, FALSE) -> 0 | M42: ='Raw Data'!C61 -> BIO_MOF-11 | N42: ='Raw Data'!I61 -> 6 | O42: ='Raw Data'!N61 -> ND | P42: ='Raw Data'!O61 -> ND | Q42: ='Raw Data'!P61 -> / | R42: ='Raw Data'!Q61 -> / | S42: ='Raw Data'!L61 -> 273 | T42: ='Raw Data'!M61 -> 1.013 | V42: ='Raw Data'!U61 -> J. Gascon, U. Aktay, M.D. Hernandez-Alonso, G.P. van Klink, F. Kapteijn Amino-based metal-organic frameworks as stable, highly active basic catalysts J Catal, 261 (1) (2009), pp. 75-87
A43: ='Raw Data'!E64 -> CUBYAD | B43: =M43 -> ZIF-8 | C43: =VLOOKUP($A43, Table_S1!$B$10:$K$5118, 2, FALSE) -> #N/A | D43: =VLOOKUP($A43, Table_S1!$B$10:$K$5118, 3, FALSE) -> #N/A | E43: =VLOOKUP($A43, Table_S1!$B$10:$K$5118, 4, FALSE) -> #N/A | F43: =VLOOKUP($A43, Table_S1!$B$10:$K$5118, 5, FALSE) -> #N/A | G43: =VLOOKUP($A43, Table_S1!$B$10:$K$5118, 6, FALSE) -> #N/A | H43: =VLOOKUP($A43, Table_S1!$B$10:$K$5118, 7, FALSE) -> #N/A | I43: =VLOOKUP($A43, Table_S1!$B$10:$K$5118, 8, FALSE) -> #N/A | J43: =VLOOKUP($A43, Table_S1!$B$10:$K$5118, 9, FALSE) -> #N/A | K43: =VLOOKUP($A43, Table_S1!$B$10:$K$5118, 10, FALSE) -> #N/A | M43: ='Raw Data'!C64 -> ZIF-8 | N43: ='Raw Data'!I64 -> 1 | O43: ='Raw Data'!N64 -> 1135 | P43: ='Raw Data'!O64 -> / | Q43: ='Raw Data'!P64 -> 1.16nm | R43: ='Raw Data'!Q64 -> / | S43: ='Raw Data'!L64 -> 298 | T43: ='Raw Data'!M64 -> 1 | V43: ='Raw Data'!U64 -> R. Banerjee, A. Phan, B. Wang, C. Knobler, H. Furukawa, M. O'Keeffe, O.M. Yaghi High-throughput synthesis of zeolitic imidazolate frameworks and application to CO2 capture Science, 319 (5865) (2008), pp. 939-943
A44: ='Raw Data'!E66 -> QOVXAC | B44: =M44 -> ZIF-7 | C44: =VLOOKUP($A44, Table_S1!$B$10:$K$5118, 2, FALSE) -> #N/A | D44: =VLOOKUP($A44, Table_S1!$B$10:$K$5118, 3, FALSE) -> #N/A | E44: =VLOOKUP($A44, Table_S1!$B$10:$K$5118, 4, FALSE) -> #N/A | F44: =VLOOKUP($A44, Table_S1!$B$10:$K$5118, 5, FALSE) -> #N/A | G44: =VLOOKUP($A44, Table_S1!$B$10:$K$5118, 6, FALSE) -> #N/A | H44: =VLOOKUP($A44, Table_S1!$B$10:$K$5118, 7, FALSE) -> #N/A | I44: =VLOOKUP($A44, Table_S1!$B$10:$K$5118, 8, FALSE) -> #N/A | J44: =VLOOKUP($A44, Table_S1!$B$10:$K$5118, 9, FALSE) -> #N/A | K44: =VLOOKUP($A44, Table_S1!$B$10:$K$5118, 10, FALSE) -> #N/A | M44: ='Raw Data'!C66 -> ZIF-7 | N44: ='Raw Data'!I66 -> 2.3 | O44: ='Raw Data'!N66 -> 240 | P44: ='Raw Data'!O66 -> / | Q44: ='Raw Data'!P66 -> 0.29nm | R44: ='Raw Data'!Q66 -> / | S44: ='Raw Data'!L66 -> 273 | T44: ='Raw Data'!M66 -> 0.1 | V44: ='Raw Data'!U66 -> A. Noguera‐Díaz, J. Villarroel‐Rocha, V.P. Ting, N. Bimbo, K. Sapag, T.J. Mays Flexible ZIFs: probing guest‐induced flexibility with CO2, N2 and Ar adsorption J Chem Technol Biotechnol, 94 (12) (2019), pp. 3787-3792
A45: ='Raw Data'!E67 -> QOVXEG | B45: =M45 -> ZIF-9 | C45: =VLOOKUP($A45, Table_S1!$B$10:$K$5118, 2, FALSE) -> #N/A | D45: =VLOOKUP($A45, Table_S1!$B$10:$K$5118, 3, FALSE) -> #N/A | E45: =VLOOKUP($A45, Table_S1!$B$10:$K$5118, 4, FALSE) -> #N/A | F45: =VLOOKUP($A45, Table_S1!$B$10:$K$5118, 5, FALSE) -> #N/A | G45: =VLOOKUP($A45, Table_S1!$B$10:$K$5118, 6, FALSE) -> #N/A | H45: =VLOOKUP($A45, Table_S1!$B$10:$K$5118, 7, FALSE) -> #N/A | I45: =VLOOKUP($A45, Table_S1!$B$10:$K$5118, 8, FALSE) -> #N/A | J45: =VLOOKUP($A45, Table_S1!$B$10:$K$5118, 9, FALSE) -> #N/A | K45: =VLOOKUP($A45, Table_S1!$B$10:$K$5118, 10, FALSE) -> #N/A | M45: ='Raw Data'!C67 -> ZIF-9 | N45: ='Raw Data'!I67 -> 2 | O45: ='Raw Data'!N67 -> 224 | P45: ='Raw Data'!O67 -> / | Q45: ='Raw Data'!P67 -> 0.29nm | R45: ='Raw Data'!Q67 -> / | S45: ='Raw Data'!L67 -> 273 | T45: ='Raw Data'!M67 -> 0.1 | V45: ='Raw Data'!U67 -> ^^^
A46: ='Raw Data'!E68 -> VEJZUG | B46: =M46 -> ZIF-12 | C46: =VLOOKUP($A46, Table_S1!$B$10:$K$5118, 2, FALSE) -> #N/A | D46: =VLOOKUP($A46, Table_S1!$B$10:$K$5118, 3, FALSE) -> #N/A | E46: =VLOOKUP($A46, Table_S1!$B$10:$K$5118, 4, FALSE) -> #N/A | F46: =VLOOKUP($A46, Table_S1!$B$10:$K$5118, 5, FALSE) -> #N/A | G46: =VLOOKUP($A46, Table_S1!$B$10:$K$5118, 6, FALSE) -> #N/A | H46: =VLOOKUP($A46, Table_S1!$B$10:$K$5118, 7, FALSE) -> #N/A | I46: =VLOOKUP($A46, Table_S1!$B$10:$K$5118, 8, FALSE) -> #N/A | J46: =VLOOKUP($A46, Table_S1!$B$10:$K$5118, 9, FALSE) -> #N/A | K46: =VLOOKUP($A46, Table_S1!$B$10:$K$5118, 10, FALSE) -> #N/A | M46: ='Raw Data'!C68 -> ZIF-12 | N46: ='Raw Data'!I68 -> 2.1 | O46: ='Raw Data'!N68 -> 671 | P46: ='Raw Data'!O68 -> / | Q46: ='Raw Data'!P68 -> 0.32nm | R46: ='Raw Data'!Q68 -> / | S46: ='Raw Data'!L68 -> 273 | T46: ='Raw Data'!M68 -> 0.1 | V46: ='Raw Data'!U68 -> ^^^
A47: ='Raw Data'!E69 -> GITVAH | B47: =M47 -> ZIF-69 | C47: =VLOOKUP($A47, Table_S1!$B$10:$K$5118, 2, FALSE) -> #N/A | D47: =VLOOKUP($A47, Table_S1!$B$10:$K$5118, 3, FALSE) -> #N/A | E47: =VLOOKUP($A47, Table_S1!$B$10:$K$5118, 4, FALSE) -> #N/A | F47: =VLOOKUP($A47, Table_S1!$B$10:$K$5118, 5, FALSE) -> #N/A | G47: =VLOOKUP($A47, Table_S1!$B$10:$K$5118, 6, FALSE) -> #N/A | H47: =VLOOKUP($A47, Table_S1!$B$10:$K$5118, 7, FALSE) -> #N/A | I47: =VLOOKUP($A47, Table_S1!$B$10:$K$5118, 8, FALSE) -> #N/A | J47: =VLOOKUP($A47, Table_S1!$B$10:$K$5118, 9, FALSE) -> #N/A | K47: =VLOOKUP($A47, Table_S1!$B$10:$K$5118, 10, FALSE) -> #N/A | M47: ='Raw Data'!C69 -> ZIF-69 | N47: ='Raw Data'!I69 -> ~3.1 | O47: ='Raw Data'!N69 -> 950 | P47: ='Raw Data'!O69 -> / | Q47: ='Raw Data'!P69 -> 0.78nm | R47: ='Raw Data'!Q69 -> / | S47: ='Raw Data'!L69 -> 273 | T47: ='Raw Data'!M69 -> ~1 | V47: ='Raw Data'!U69 -> ^^^
A48: ='Raw Data'!E71 -> CIZTEO | B48: =M48 -> ZIF-78 | C48: =VLOOKUP($A48, Table_S1!$B$10:$K$5118, 2, FALSE) -> #N/A | D48: =VLOOKUP($A48, Table_S1!$B$10:$K$5118, 3, FALSE) -> #N/A | E48: =VLOOKUP($A48, Table_S1!$B$10:$K$5118, 4, FALSE) -> #N/A | F48: =VLOOKUP($A48, Table_S1!$B$10:$K$5118, 5, FALSE) -> #N/A | G48: =VLOOKUP($A48, Table_S1!$B$10:$K$5118, 6, FALSE) -> #N/A | H48: =VLOOKUP($A48, Table_S1!$B$10:$K$5118, 7, FALSE) -> #N/A | I48: =VLOOKUP($A48, Table_S1!$B$10:$K$5118, 8, FALSE) -> #N/A | J48: =VLOOKUP($A48, Table_S1!$B$10:$K$5118, 9, FALSE) -> #N/A | K48: =VLOOKUP($A48, Table_S1!$B$10:$K$5118, 10, FALSE) -> #N/A | M48: ='Raw Data'!C71 -> ZIF-78 | N48: ='Raw Data'!I71 -> look | O48: ='Raw Data'!N71 -> 620 | P48: ='Raw Data'!O71 -> / | Q48: ='Raw Data'!P71 -> 0.71nm | R48: 1.198 | S48: ='Raw Data'!L71 -> 298 | T48: ='Raw Data'!M71 -> 1 | V48: ='Raw Data'!U71 -> R. Banerjee, H. Furukawa, D. Britt, C. Knobler, M. O'Keeffe, O.M. Yaghi Control of pore size and functionality in isoreticular zeolitic imidazolate frameworks and their carbon dioxide selective capture properties J Am Chem Soc, 131 (11) (2009), pp. 3875-3877 | AA48: R. Banerjee, H. Furukawa, D. Britt, C. Knobler, M. O'Keeffe, O.M. Yaghi Control of pore size and functionality in isoreticular zeolitic imidazolate frameworks and their carbon dioxide selective capture properties J Am Chem Soc, 131 (11) (2009), pp. 3875-3877
A49: ='Raw Data'!E72 -> RIRDIH | B49: =M49 -> ZIF-81 | C49: =VLOOKUP($A49, Table_S1!$B$10:$K$5118, 2, FALSE) -> #N/A | D49: =VLOOKUP($A49, Table_S1!$B$10:$K$5118, 3, FALSE) -> #N/A | E49: =VLOOKUP($A49, Table_S1!$B$10:$K$5118, 4, FALSE) -> #N/A | F49: =VLOOKUP($A49, Table_S1!$B$10:$K$5118, 5, FALSE) -> #N/A | G49: =VLOOKUP($A49, Table_S1!$B$10:$K$5118, 6, FALSE) -> #N/A | H49: =VLOOKUP($A49, Table_S1!$B$10:$K$5118, 7, FALSE) -> #N/A | I49: =VLOOKUP($A49, Table_S1!$B$10:$K$5118, 8, FALSE) -> #N/A | J49: =VLOOKUP($A49, Table_S1!$B$10:$K$5118, 9, FALSE) -> #N/A | K49: =VLOOKUP($A49, Table_S1!$B$10:$K$5118, 10, FALSE) -> #N/A | M49: ='Raw Data'!C72 -> ZIF-81 | N49: ='Raw Data'!I72 -> look | O49: ='Raw Data'!N72 -> 760 | P49: ='Raw Data'!O72 -> / | Q49: ='Raw Data'!P72 -> 0.74nm | R49: 1.302 | S49: ='Raw Data'!L72 -> 298 | T49: ='Raw Data'!M72 -> 1 | V49: ='Raw Data'!U72 -> ^^^ | AA49: R. Banerjee, H. Furukawa, D. Britt, C. Knobler, M. O'Keeffe, O.M. Yaghi Control of pore size and functionality in isoreticular zeolitic imidazolate frameworks and their carbon dioxide selective capture properties J Am Chem Soc, 131 (11) (2009), pp. 3875-3877
A50: ='Raw Data'!E73 -> CIZTOY | B50: =M50 -> ZIF-79 | C50: =VLOOKUP($A50, Table_S1!$B$10:$K$5118, 2, FALSE) -> #N/A | D50: =VLOOKUP($A50, Table_S1!$B$10:$K$5118, 3, FALSE) -> #N/A | E50: =VLOOKUP($A50, Table_S1!$B$10:$K$5118, 4, FALSE) -> #N/A | F50: =VLOOKUP($A50, Table_S1!$B$10:$K$5118, 5, FALSE) -> #N/A | G50: =VLOOKUP($A50, Table_S1!$B$10:$K$5118, 6, FALSE) -> #N/A | H50: =VLOOKUP($A50, Table_S1!$B$10:$K$5118, 7, FALSE) -> #N/A | I50: =VLOOKUP($A50, Table_S1!$B$10:$K$5118, 8, FALSE) -> #N/A | J50: =VLOOKUP($A50, Table_S1!$B$10:$K$5118, 9, FALSE) -> #N/A | K50: =VLOOKUP($A50, Table_S1!$B$10:$K$5118, 10, FALSE) -> #N/A | M50: ='Raw Data'!C73 -> ZIF-79 | N50: ='Raw Data'!I73 -> look | O50: ='Raw Data'!N73 -> 810 | P50: ='Raw Data'!O73 -> / | Q50: ='Raw Data'!P73 -> 0.75nm | R50: 1.075 | S50: ='Raw Data'!L73 -> 298 | T50: ='Raw Data'!M73 -> 1 | V50: ='Raw Data'!U73 -> ^^^ | AA50: R. Banerjee, H. Furukawa, D. Britt, C. Knobler, M. O'Keeffe, O.M. Yaghi Control of pore size and functionality in isoreticular zeolitic imidazolate frameworks and their carbon dioxide selective capture properties J Am Chem Soc, 131 (11) (2009), pp. 3875-3877
A51: ='Raw Data'!E74 -> GITVAH | B51: =M51 -> ZIF-69 | C51: =VLOOKUP($A51, Table_S1!$B$10:$K$5118, 2, FALSE) -> #N/A | D51: =VLOOKUP($A51, Table_S1!$B$10:$K$5118, 3, FALSE) -> #N/A | E51: =VLOOKUP($A51, Table_S1!$B$10:$K$5118, 4, FALSE) -> #N/A | F51: =VLOOKUP($A51, Table_S1!$B$10:$K$5118, 5, FALSE) -> #N/A | G51: =VLOOKUP($A51, Table_S1!$B$10:$K$5118, 6, FALSE) -> #N/A | H51: =VLOOKUP($A51, Table_S1!$B$10:$K$5118, 7, FALSE) -> #N/A | I51: =VLOOKUP($A51, Table_S1!$B$10:$K$5118, 8, FALSE) -> #N/A | J51: =VLOOKUP($A51, Table_S1!$B$10:$K$5118, 9, FALSE) -> #N/A | K51: =VLOOKUP($A51, Table_S1!$B$10:$K$5118, 10, FALSE) -> #N/A | M51: ='Raw Data'!C74 -> ZIF-69 | N51: ='Raw Data'!I74 -> look | O51: ='Raw Data'!N74 -> 950 | P51: ='Raw Data'!O74 -> / | Q51: ='Raw Data'!P74 -> 0.78nm | R51: ='Raw Data'!Q74 -> / | S51: ='Raw Data'!L74 -> 298 | T51: ='Raw Data'!M74 -> 1 | V51: ='Raw Data'!U74 -> ^^^
A52: ='Raw Data'!E75 -> CIZSUD | B52: =M52 -> ZIF-68 | C52: =VLOOKUP($A52, Table_S1!$B$10:$K$5118, 2, FALSE) -> #N/A | D52: =VLOOKUP($A52, Table_S1!$B$10:$K$5118, 3, FALSE) -> #N/A | E52: =VLOOKUP($A52, Table_S1!$B$10:$K$5118, 4, FALSE) -> #N/A | F52: =VLOOKUP($A52, Table_S1!$B$10:$K$5118, 5, FALSE) -> #N/A | G52: =VLOOKUP($A52, Table_S1!$B$10:$K$5118, 6, FALSE) -> #N/A | H52: =VLOOKUP($A52, Table_S1!$B$10:$K$5118, 7, FALSE) -> #N/A | I52: =VLOOKUP($A52, Table_S1!$B$10:$K$5118, 8, FALSE) -> #N/A | J52: =VLOOKUP($A52, Table_S1!$B$10:$K$5118, 9, FALSE) -> #N/A | K52: =VLOOKUP($A52, Table_S1!$B$10:$K$5118, 10, FALSE) -> #N/A | M52: ='Raw Data'!C75 -> ZIF-68 | N52: ='Raw Data'!I75 -> look | O52: ='Raw Data'!N75 -> 1090 | P52: ='Raw Data'!O75 -> / | Q52: ='Raw Data'!P75 -> 1.03nm | R52: ='Raw Data'!Q75 -> / | S52: ='Raw Data'!L75 -> 298 | T52: ='Raw Data'!M75 -> 1 | V52: ='Raw Data'!U75 -> ^^^
A53: ='Raw Data'!E76 -> / | B53: =M53 -> ZIF-82 | C53: =VLOOKUP($A53, Table_S1!$B$10:$K$5118, 2, FALSE) -> #N/A | D53: =VLOOKUP($A53, Table_S1!$B$10:$K$5118, 3, FALSE) -> #N/A | E53: =VLOOKUP($A53, Table_S1!$B$10:$K$5118, 4, FALSE) -> #N/A | F53: =VLOOKUP($A53, Table_S1!$B$10:$K$5118, 5, FALSE) -> #N/A | G53: =VLOOKUP($A53, Table_S1!$B$10:$K$5118, 6, FALSE) -> #N/A | H53: =VLOOKUP($A53, Table_S1!$B$10:$K$5118, 7, FALSE) -> #N/A | I53: =VLOOKUP($A53, Table_S1!$B$10:$K$5118, 8, FALSE) -> #N/A | J53: =VLOOKUP($A53, Table_S1!$B$10:$K$5118, 9, FALSE) -> #N/A | K53: =VLOOKUP($A53, Table_S1!$B$10:$K$5118, 10, FALSE) -> #N/A | M53: ='Raw Data'!C76 -> ZIF-82 | N53: ='Raw Data'!I76 -> look | O53: ='Raw Data'!N76 -> 1300 | P53: ='Raw Data'!O76 -> / | Q53: ='Raw Data'!P76 -> 1.23nm | R53: 1.162 | S53: ='Raw Data'!L76 -> 298 | T53: ='Raw Data'!M76 -> 1 | V53: ='Raw Data'!U76 -> ^^^ | AA53: R. Banerjee, H. Furukawa, D. Britt, C. Knobler, M. O'Keeffe, O.M. Yaghi Control of pore size and functionality in isoreticular zeolitic imidazolate frameworks and their carbon dioxide selective capture properties J Am Chem Soc, 131 (11) (2009), pp. 3875-3877
A54: ='Raw Data'!E80 -> / | B54: =M54 -> Mg-MOF-74 | C54: =VLOOKUP($A54, Table_S1!$B$10:$K$5118, 2, FALSE) -> #N/A | D54: =VLOOKUP($A54, Table_S1!$B$10:$K$5118, 3, FALSE) -> #N/A | E54: =VLOOKUP($A54, Table_S1!$B$10:$K$5118, 4, FALSE) -> #N/A | F54: =VLOOKUP($A54, Table_S1!$B$10:$K$5118, 5, FALSE) -> #N/A | G54: =VLOOKUP($A54, Table_S1!$B$10:$K$5118, 6, FALSE) -> #N/A | H54: =VLOOKUP($A54, Table_S1!$B$10:$K$5118, 7, FALSE) -> #N/A | I54: =VLOOKUP($A54, Table_S1!$B$10:$K$5118, 8, FALSE) -> #N/A | J54: =VLOOKUP($A54, Table_S1!$B$10:$K$5118, 9, FALSE) -> #N/A | K54: =VLOOKUP($A54, Table_S1!$B$10:$K$5118, 10, FALSE) -> #N/A | M54: ='Raw Data'!C80 -> Mg-MOF-74 | N54: ='Raw Data'!I80 -> 1.49 | O54: ='Raw Data'!Q80 -> / | P54: ='Raw Data'!R80 -> / | Q54: ='Raw Data'!S80 -> / | R54: ='Raw Data'!T80 -> / | S54: ='Raw Data'!O80 -> 273,1 | T54: ='Raw Data'!P80 -> / | V54: ='Raw Data'!X80 -> Z.Y. Gao, L. Liang, X. Zhang, P. Xu, J.M. Sun Facile one-pot synthesis of zn/mg-MOF-74 with unsaturated coordination metal centers for efficient CO2 adsorption and conversion to cyclic carbonates ACS Appl. Mater. Interfaces, 13 (2021), pp. 61334-61345, 10.1021/acsami.1c20878
A55: ='Raw Data'!E81 -> ORIVOC | B55: =M55 -> Zn-MOF-74 | C55: =VLOOKUP($A55, Table_S1!$B$10:$K$5118, 2, FALSE) -> #N/A | D55: =VLOOKUP($A55, Table_S1!$B$10:$K$5118, 3, FALSE) -> #N/A | E55: =VLOOKUP($A55, Table_S1!$B$10:$K$5118, 4, FALSE) -> #N/A | F55: =VLOOKUP($A55, Table_S1!$B$10:$K$5118, 5, FALSE) -> #N/A | G55: =VLOOKUP($A55, Table_S1!$B$10:$K$5118, 6, FALSE) -> #N/A | H55: =VLOOKUP($A55, Table_S1!$B$10:$K$5118, 7, FALSE) -> #N/A | I55: =VLOOKUP($A55, Table_S1!$B$10:$K$5118, 8, FALSE) -> #N/A | J55: =VLOOKUP($A55, Table_S1!$B$10:$K$5118, 9, FALSE) -> #N/A | K55: =VLOOKUP($A55, Table_S1!$B$10:$K$5118, 10, FALSE) -> #N/A | M55: ='Raw Data'!C81 -> Zn-MOF-74 | N55: ='Raw Data'!I81 -> 2.44 | O55: ='Raw Data'!Q81 -> / | P55: ='Raw Data'!R81 -> / | Q55: ='Raw Data'!S81 -> / | R55: ='Raw Data'!T81 -> / | S55: ='Raw Data'!O81 -> 273,1 | T55: ='Raw Data'!P81 -> / | V55: ='Raw Data'!X81 -> ^^^
A56: ='Raw Data'!E82 -> ORIVOC | B56: =M56 -> Zn0.75Mg0.25-MOF-74 | C56: =VLOOKUP($A56, Table_S1!$B$10:$K$5118, 2, FALSE) -> #N/A | D56: =VLOOKUP($A56, Table_S1!$B$10:$K$5118, 3, FALSE) -> #N/A | E56: =VLOOKUP($A56, Table_S1!$B$10:$K$5118, 4, FALSE) -> #N/A | F56: =VLOOKUP($A56, Table_S1!$B$10:$K$5118, 5, FALSE) -> #N/A | G56: =VLOOKUP($A56, Table_S1!$B$10:$K$5118, 6, FALSE) -> #N/A | H56: =VLOOKUP($A56, Table_S1!$B$10:$K$5118, 7, FALSE) -> #N/A | I56: =VLOOKUP($A56, Table_S1!$B$10:$K$5118, 8, FALSE) -> #N/A | J56: =VLOOKUP($A56, Table_S1!$B$10:$K$5118, 9, FALSE) -> #N/A | K56: =VLOOKUP($A56, Table_S1!$B$10:$K$5118, 10, FALSE) -> #N/A | M56: ='Raw Data'!C82 -> Zn0.75Mg0.25-MOF-74 | N56: ='Raw Data'!I82 -> 3.99 | O56: ='Raw Data'!Q82 -> 667.6 | P56: ='Raw Data'!R82 -> / | Q56: ='Raw Data'!S82 -> / | R56: ='Raw Data'!T82 -> / | S56: ='Raw Data'!O82 -> 273,1 | T56: ='Raw Data'!P82 -> / | V56: ='Raw Data'!X82 -> ^^^
A57: ='Raw Data'!E83 -> / | B57: =M57 -> Cu-OATA | C57: =VLOOKUP($A57, Table_S1!$B$10:$K$5118, 2, FALSE) -> #N/A | D57: =VLOOKUP($A57, Table_S1!$B$10:$K$5118, 3, FALSE) -> #N/A | E57: =VLOOKUP($A57, Table_S1!$B$10:$K$5118, 4, FALSE) -> #N/A | F57: =VLOOKUP($A57, Table_S1!$B$10:$K$5118, 5, FALSE) -> #N/A | G57: =VLOOKUP($A57, Table_S1!$B$10:$K$5118, 6, FALSE) -> #N/A | H57: =VLOOKUP($A57, Table_S1!$B$10:$K$5118, 7, FALSE) -> #N/A | I57: =VLOOKUP($A57, Table_S1!$B$10:$K$5118, 8, FALSE) -> #N/A | J57: =VLOOKUP($A57, Table_S1!$B$10:$K$5118, 9, FALSE) -> #N/A | K57: =VLOOKUP($A57, Table_S1!$B$10:$K$5118, 10, FALSE) -> #N/A | M57: ='Raw Data'!C83 -> Cu-OATA | N57: ='Raw Data'!I83 -> 2.24 | O57: ='Raw Data'!Q83 -> / | P57: ='Raw Data'!R83 -> / | Q57: ='Raw Data'!S83 -> / | R57: ='Raw Data'!T83 -> / | S57: ='Raw Data'!O83 -> 298,1 | T57: ='Raw Data'!P83 -> / | V57: ='Raw Data'!X83 -> Y. Guclu, H. Erer, H. Demiral, C. Altintas, S. Keskin, N. Tumanov, B.L. Su, F. Semerci Oxalamide-functionalized metal organic frameworks for CO2 adsorption ACS Appl. Mater. Interfaces, 13 (2021), pp. 33188-33198
A58: ='Raw Data'!E84 -> / | B58: =M58 -> Cu(I)Zn@MIL-100(Fe)-10 | C58: =VLOOKUP($A58, Table_S1!$B$10:$K$5118, 2, FALSE) -> #N/A | D58: =VLOOKUP($A58, Table_S1!$B$10:$K$5118, 3, FALSE) -> #N/A | E58: =VLOOKUP($A58, Table_S1!$B$10:$K$5118, 4, FALSE) -> #N/A | F58: =VLOOKUP($A58, Table_S1!$B$10:$K$5118, 5, FALSE) -> #N/A | G58: =VLOOKUP($A58, Table_S1!$B$10:$K$5118, 6, FALSE) -> #N/A | H58: =VLOOKUP($A58, Table_S1!$B$10:$K$5118, 7, FALSE) -> #N/A | I58: =VLOOKUP($A58, Table_S1!$B$10:$K$5118, 8, FALSE) -> #N/A | J58: =VLOOKUP($A58, Table_S1!$B$10:$K$5118, 9, FALSE) -> #N/A | K58: =VLOOKUP($A58, Table_S1!$B$10:$K$5118, 10, FALSE) -> #N/A | M58: ='Raw Data'!C84 -> Cu(I)Zn@MIL-100(Fe)-10 | N58: ='Raw Data'!I84 -> 0.4 | O58: ='Raw Data'!Q84 -> / | P58: ='Raw Data'!R84 -> / | Q58: ='Raw Data'!S84 -> / | R58: ='Raw Data'!T84 -> / | S58: ='Raw Data'!O84 -> 298,1 | T58: ='Raw Data'!P84 -> / | V58: ='Raw Data'!X84 -> V.N. Le, T.K. Vo, J.H. Lee, J.C. Kim, T.H. Kim, K.H. Oh, Y.S. Bae, S.K. Kwak, J. Kim A novel approach to prepare Cu(i)Zn@MIL-100(Fe) adsorbent with high co adsorption capacity, CO/CO2 selectivity and stability via controlled host-guest redox reaction Chem. Eng. J., 404 (2021), Article 126492
A59: ='Raw Data'!E85 -> BOHWUS | B59: =M59 -> MOF-808 | C59: =VLOOKUP($A59, Table_S1!$B$10:$K$5118, 2, FALSE) -> #N/A | D59: =VLOOKUP($A59, Table_S1!$B$10:$K$5118, 3, FALSE) -> #N/A | E59: =VLOOKUP($A59, Table_S1!$B$10:$K$5118, 4, FALSE) -> #N/A | F59: =VLOOKUP($A59, Table_S1!$B$10:$K$5118, 5, FALSE) -> #N/A | G59: =VLOOKUP($A59, Table_S1!$B$10:$K$5118, 6, FALSE) -> #N/A | H59: =VLOOKUP($A59, Table_S1!$B$10:$K$5118, 7, FALSE) -> #N/A | I59: =VLOOKUP($A59, Table_S1!$B$10:$K$5118, 8, FALSE) -> #N/A | J59: =VLOOKUP($A59, Table_S1!$B$10:$K$5118, 9, FALSE) -> #N/A | K59: =VLOOKUP($A59, Table_S1!$B$10:$K$5118, 10, FALSE) -> #N/A | M59: ='Raw Data'!C85 -> MOF-808 | N59: ='Raw Data'!I85 -> 1.36 | O59: ='Raw Data'!Q85 -> / | P59: ='Raw Data'!R85 -> / | Q59: ='Raw Data'!S85 -> / | R59: ='Raw Data'!T85 -> / | S59: ='Raw Data'!O85 -> 298,1 | T59: 1atm | V59: ='Raw Data'!X85 -> J.M. Park, D.K. Yoo, S.H. Jhung Selective CO2 adsorption over functionalized Zr-based metal organic framework under atmospheric or lower pressure: Contribution of functional groups to adsorption Chem. Eng. J., 402 (2020), Article 126254
A60: ='Raw Data'!E86 -> BOHWUS | B60: =M60 -> MOF-808-EDTA | C60: =VLOOKUP($A60, Table_S1!$B$10:$K$5118, 2, FALSE) -> #N/A | D60: =VLOOKUP($A60, Table_S1!$B$10:$K$5118, 3, FALSE) -> #N/A | E60: =VLOOKUP($A60, Table_S1!$B$10:$K$5118, 4, FALSE) -> #N/A | F60: =VLOOKUP($A60, Table_S1!$B$10:$K$5118, 5, FALSE) -> #N/A | G60: =VLOOKUP($A60, Table_S1!$B$10:$K$5118, 6, FALSE) -> #N/A | H60: =VLOOKUP($A60, Table_S1!$B$10:$K$5118, 7, FALSE) -> #N/A | I60: =VLOOKUP($A60, Table_S1!$B$10:$K$5118, 8, FALSE) -> #N/A | J60: =VLOOKUP($A60, Table_S1!$B$10:$K$5118, 9, FALSE) -> #N/A | K60: =VLOOKUP($A60, Table_S1!$B$10:$K$5118, 10, FALSE) -> #N/A | M60: ='Raw Data'!C86 -> MOF-808-EDTA | N60: ='Raw Data'!I86 -> 1.48 | O60: ='Raw Data'!Q86 -> / | P60: ='Raw Data'!R86 -> / | Q60: ='Raw Data'!S86 -> / | R60: ='Raw Data'!T86 -> / | S60: ='Raw Data'!O86 -> 298,1 | T60: 1atm | V60: ='Raw Data'!X86 -> ^^^
A61: ='Raw Data'!E87 -> BOHWUS | B61: =M61 -> MOF-808-EDTA-ED-1.2 | C61: =VLOOKUP($A61, Table_S1!$B$10:$K$5118, 2, FALSE) -> #N/A | D61: =VLOOKUP($A61, Table_S1!$B$10:$K$5118, 3, FALSE) -> #N/A | E61: =VLOOKUP($A61, Table_S1!$B$10:$K$5118, 4, FALSE) -> #N/A | F61: =VLOOKUP($A61, Table_S1!$B$10:$K$5118, 5, FALSE) -> #N/A | G61: =VLOOKUP($A61, Table_S1!$B$10:$K$5118, 6, FALSE) -> #N/A | H61: =VLOOKUP($A61, Table_S1!$B$10:$K$5118, 7, FALSE) -> #N/A | I61: =VLOOKUP($A61, Table_S1!$B$10:$K$5118, 8, FALSE) -> #N/A | J61: =VLOOKUP($A61, Table_S1!$B$10:$K$5118, 9, FALSE) -> #N/A | K61: =VLOOKUP($A61, Table_S1!$B$10:$K$5118, 10, FALSE) -> #N/A | M61: ='Raw Data'!C87 -> MOF-808-EDTA-ED-1.2 | N61: ='Raw Data'!I87 -> 1.62 | O61: ='Raw Data'!Q87 -> / | P61: ='Raw Data'!R87 -> / | Q61: ='Raw Data'!S87 -> / | R61: ='Raw Data'!T87 -> / | S61: ='Raw Data'!O87 -> 298,1 | T61: 1atm | V61: ='Raw Data'!X87 -> ^^^
A62: ='Raw Data'!E88 -> / | B62: =M62 -> Mg2(dobpdc)(3-4-3) | C62: =VLOOKUP($A62, Table_S1!$B$10:$K$5118, 2, FALSE) -> #N/A | D62: =VLOOKUP($A62, Table_S1!$B$10:$K$5118, 3, FALSE) -> #N/A | E62: =VLOOKUP($A62, Table_S1!$B$10:$K$5118, 4, FALSE) -> #N/A | F62: =VLOOKUP($A62, Table_S1!$B$10:$K$5118, 5, FALSE) -> #N/A | G62: =VLOOKUP($A62, Table_S1!$B$10:$K$5118, 6, FALSE) -> #N/A | H62: =VLOOKUP($A62, Table_S1!$B$10:$K$5118, 7, FALSE) -> #N/A | I62: =VLOOKUP($A62, Table_S1!$B$10:$K$5118, 8, FALSE) -> #N/A | J62: =VLOOKUP($A62, Table_S1!$B$10:$K$5118, 9, FALSE) -> #N/A | K62: =VLOOKUP($A62, Table_S1!$B$10:$K$5118, 10, FALSE) -> #N/A | M62: ='Raw Data'!C88 -> Mg2(dobpdc)(3-4-3) | N62: ='Raw Data'!I88 -> 2 | O62: ='Raw Data'!Q88 -> / | P62: ='Raw Data'!R88 -> / | Q62: ='Raw Data'!S88 -> / | R62: ='Raw Data'!T88 -> / | S62: ='Raw Data'!O88 -> 273,0.04 | T62: ='Raw Data'!P88 -> / | V62: ='Raw Data'!X88 -> E.J. Kim, R.L. Siegelman, H.Z.H. Jiang, A.C. Forse, J.H. Lee, J.D. Martell, P.J. Milner, J.M. Falkowski, J.B. Neaton, J.A. Reimer, S.C. Weston, J.R. Long Cooperative carbon capture and steam regeneration with tetraamine-appended metal-organic frameworks Science, 369 (2020), p. 392-+
A63: ='Raw Data'!E89 -> BOWHUS | B63: =M63 -> MOF-808-DL-Lys | C63: =VLOOKUP($A63, Table_S1!$B$10:$K$5118, 2, FALSE) -> #N/A | D63: =VLOOKUP($A63, Table_S1!$B$10:$K$5118, 3, FALSE) -> #N/A | E63: =VLOOKUP($A63, Table_S1!$B$10:$K$5118, 4, FALSE) -> #N/A | F63: =VLOOKUP($A63, Table_S1!$B$10:$K$5118, 5, FALSE) -> #N/A | G63: =VLOOKUP($A63, Table_S1!$B$10:$K$5118, 6, FALSE) -> #N/A | H63: =VLOOKUP($A63, Table_S1!$B$10:$K$5118, 7, FALSE) -> #N/A | I63: =VLOOKUP($A63, Table_S1!$B$10:$K$5118, 8, FALSE) -> #N/A | J63: =VLOOKUP($A63, Table_S1!$B$10:$K$5118, 9, FALSE) -> #N/A | K63: =VLOOKUP($A63, Table_S1!$B$10:$K$5118, 10, FALSE) -> #N/A | M63: ='Raw Data'!C89 -> MOF-808-DL-Lys | N63: ='Raw Data'!I89 -> 1.04 | O63: ='Raw Data'!Q89 -> / | P63: ='Raw Data'!R89 -> / | Q63: ='Raw Data'!S89 -> / | R63: ='Raw Data'!T89 -> / | S63: ='Raw Data'!O89 -> 298,0.15 | T63: ='Raw Data'!P89 -> / | V63: ='Raw Data'!X89 -> H. Lyu, O.I.F. Chen, N. Hanikel, M.I. Hossain, R.W. Flaig, X.K. Pei, A. Amin, M.D. Doherty, R.K. Impastato, T.G. Glover, D.R. Moore, O.M. Yaghi Carbon dioxide capture chemistry of amino acid functionalized metal-organic frameworks in humid flue gas J. Am. Chem. Soc., 144 (2022), pp. 2387-2396
A64: ='Raw Data'!E90 -> QAYBOL | B64: =M64 -> MOF-808-Gly | C64: =VLOOKUP($A64, Table_S1!$B$10:$K$5118, 2, FALSE) -> #N/A | D64: =VLOOKUP($A64, Table_S1!$B$10:$K$5118, 3, FALSE) -> #N/A | E64: =VLOOKUP($A64, Table_S1!$B$10:$K$5118, 4, FALSE) -> #N/A | F64: =VLOOKUP($A64, Table_S1!$B$10:$K$5118, 5, FALSE) -> #N/A | G64: =VLOOKUP($A64, Table_S1!$B$10:$K$5118, 6, FALSE) -> #N/A | H64: =VLOOKUP($A64, Table_S1!$B$10:$K$5118, 7, FALSE) -> #N/A | I64: =VLOOKUP($A64, Table_S1!$B$10:$K$5118, 8, FALSE) -> #N/A | J64: =VLOOKUP($A64, Table_S1!$B$10:$K$5118, 9, FALSE) -> #N/A | K64: =VLOOKUP($A64, Table_S1!$B$10:$K$5118, 10, FALSE) -> #N/A | M64: ='Raw Data'!C90 -> MOF-808-Gly | N64: ='Raw Data'!I90 -> 0.54 | O64: ='Raw Data'!Q90 -> / | P64: ='Raw Data'!R90 -> / | Q64: ='Raw Data'!S90 -> / | R64: ='Raw Data'!T90 -> / | S64: ='Raw Data'!O90 -> 298,0.15 | T64: ='Raw Data'!P90 -> / | V64: ='Raw Data'!X90 -> ^^^
A65: ='Raw Data'!E91 -> WEJBAS | B65: =M65 -> NaOH CDMOF | C65: =VLOOKUP($A65, Table_S1!$B$10:$K$5118, 2, FALSE) -> #N/A | D65: =VLOOKUP($A65, Table_S1!$B$10:$K$5118, 3, FALSE) -> #N/A | E65: =VLOOKUP($A65, Table_S1!$B$10:$K$5118, 4, FALSE) -> #N/A | F65: =VLOOKUP($A65, Table_S1!$B$10:$K$5118, 5, FALSE) -> #N/A | G65: =VLOOKUP($A65, Table_S1!$B$10:$K$5118, 6, FALSE) -> #N/A | H65: =VLOOKUP($A65, Table_S1!$B$10:$K$5118, 7, FALSE) -> #N/A | I65: =VLOOKUP($A65, Table_S1!$B$10:$K$5118, 8, FALSE) -> #N/A | J65: =VLOOKUP($A65, Table_S1!$B$10:$K$5118, 9, FALSE) -> #N/A | K65: =VLOOKUP($A65, Table_S1!$B$10:$K$5118, 10, FALSE) -> #N/A | M65: ='Raw Data'!C91 -> NaOH CDMOF | N65: ='Raw Data'!I91 -> 1.98 | O65: ='Raw Data'!Q91 -> / | P65: ='Raw Data'!R91 -> / | Q65: ='Raw Data'!S91 -> / | R65: ='Raw Data'!T91 -> / | S65: ='Raw Data'!O91 -> 313,1 | T65: ='Raw Data'!P91 -> / | V65: ='Raw Data'!X91 -> M.E. Zick, S.M. Pugh, J.-H. Lee, A.C. Forse, P.J. Milner, Carbon dioxide capture at nucleophilic hydroxide sites in oxidation-resistant cyclodextrin-based metal–organic frameworks**, Angew. Chem. Int. Ed. 61(2022) e202206718. http://dx.doi.org/https://doi.org/10.1002/anie.202206718.
A66: ='Raw Data'!E92 -> WEJBAS | B66: =M66 -> RbOH CDMOF | C66: =VLOOKUP($A66, Table_S1!$B$10:$K$5118, 2, FALSE) -> #N/A | D66: =VLOOKUP($A66, Table_S1!$B$10:$K$5118, 3, FALSE) -> #N/A | E66: =VLOOKUP($A66, Table_S1!$B$10:$K$5118, 4, FALSE) -> #N/A | F66: =VLOOKUP($A66, Table_S1!$B$10:$K$5118, 5, FALSE) -> #N/A | G66: =VLOOKUP($A66, Table_S1!$B$10:$K$5118, 6, FALSE) -> #N/A | H66: =VLOOKUP($A66, Table_S1!$B$10:$K$5118, 7, FALSE) -> #N/A | I66: =VLOOKUP($A66, Table_S1!$B$10:$K$5118, 8, FALSE) -> #N/A | J66: =VLOOKUP($A66, Table_S1!$B$10:$K$5118, 9, FALSE) -> #N/A | K66: =VLOOKUP($A66, Table_S1!$B$10:$K$5118, 10, FALSE) -> #N/A | M66: ='Raw Data'!C92 -> RbOH CDMOF | N66: ='Raw Data'!I92 -> 2.15 | O66: ='Raw Data'!Q92 -> / | P66: ='Raw Data'!R92 -> / | Q66: ='Raw Data'!S92 -> / | R66: ='Raw Data'!T92 -> / | S66: ='Raw Data'!O92 -> 313,1 | T66: ='Raw Data'!P92 -> / | V66: ='Raw Data'!X92 -> ^^^
A67: ='Raw Data'!E93 -> WEJBAS | B67: =M67 -> CsOH CDMOF | C67: =VLOOKUP($A67, Table_S1!$B$10:$K$5118, 2, FALSE) -> #N/A | D67: =VLOOKUP($A67, Table_S1!$B$10:$K$5118, 3, FALSE) -> #N/A | E67: =VLOOKUP($A67, Table_S1!$B$10:$K$5118, 4, FALSE) -> #N/A | F67: =VLOOKUP($A67, Table_S1!$B$10:$K$5118, 5, FALSE) -> #N/A | G67: =VLOOKUP($A67, Table_S1!$B$10:$K$5118, 6, FALSE) -> #N/A | H67: =VLOOKUP($A67, Table_S1!$B$10:$K$5118, 7, FALSE) -> #N/A | I67: =VLOOKUP($A67, Table_S1!$B$10:$K$5118, 8, FALSE) -> #N/A | J67: =VLOOKUP($A67, Table_S1!$B$10:$K$5118, 9, FALSE) -> #N/A | K67: =VLOOKUP($A67, Table_S1!$B$10:$K$5118, 10, FALSE) -> #N/A | M67: ='Raw Data'!C93 -> CsOH CDMOF | N67: ='Raw Data'!I93 -> 2.65 | O67: ='Raw Data'!Q93 -> / | P67: ='Raw Data'!R93 -> / | Q67: ='Raw Data'!S93 -> / | R67: ='Raw Data'!T93 -> / | S67: ='Raw Data'!O93 -> 313,1 | T67: ='Raw Data'!P93 -> / | V67: ='Raw Data'!X93 -> ^^^
A68: ='Raw Data'!E94 -> WEJBAS | B68: =M68 -> KOH CDMOF | C68: =VLOOKUP($A68, Table_S1!$B$10:$K$5118, 2, FALSE) -> #N/A | D68: =VLOOKUP($A68, Table_S1!$B$10:$K$5118, 3, FALSE) -> #N/A | E68: =VLOOKUP($A68, Table_S1!$B$10:$K$5118, 4, FALSE) -> #N/A | F68: =VLOOKUP($A68, Table_S1!$B$10:$K$5118, 5, FALSE) -> #N/A | G68: =VLOOKUP($A68, Table_S1!$B$10:$K$5118, 6, FALSE) -> #N/A | H68: =VLOOKUP($A68, Table_S1!$B$10:$K$5118, 7, FALSE) -> #N/A | I68: =VLOOKUP($A68, Table_S1!$B$10:$K$5118, 8, FALSE) -> #N/A | J68: =VLOOKUP($A68, Table_S1!$B$10:$K$5118, 9, FALSE) -> #N/A | K68: =VLOOKUP($A68, Table_S1!$B$10:$K$5118, 10, FALSE) -> #N/A | M68: ='Raw Data'!C94 -> KOH CDMOF | N68: ='Raw Data'!I94 -> 2.04 | O68: ='Raw Data'!Q94 -> / | P68: ='Raw Data'!R94 -> / | Q68: ='Raw Data'!S94 -> / | R68: ='Raw Data'!T94 -> / | S68: ='Raw Data'!O94 -> 313,1 | T68: ='Raw Data'!P94 -> / | V68: ='Raw Data'!X94 -> ^^^
A69: ='Raw Data'!E95 -> WEJBAS | B69: =M69 -> KHCO3 CD-MOF | C69: =VLOOKUP($A69, Table_S1!$B$10:$K$5118, 2, FALSE) -> #N/A | D69: =VLOOKUP($A69, Table_S1!$B$10:$K$5118, 3, FALSE) -> #N/A | E69: =VLOOKUP($A69, Table_S1!$B$10:$K$5118, 4, FALSE) -> #N/A | F69: =VLOOKUP($A69, Table_S1!$B$10:$K$5118, 5, FALSE) -> #N/A | G69: =VLOOKUP($A69, Table_S1!$B$10:$K$5118, 6, FALSE) -> #N/A | H69: =VLOOKUP($A69, Table_S1!$B$10:$K$5118, 7, FALSE) -> #N/A | I69: =VLOOKUP($A69, Table_S1!$B$10:$K$5118, 8, FALSE) -> #N/A | J69: =VLOOKUP($A69, Table_S1!$B$10:$K$5118, 9, FALSE) -> #N/A | K69: =VLOOKUP($A69, Table_S1!$B$10:$K$5118, 10, FALSE) -> #N/A | M69: ='Raw Data'!C95 -> KHCO3 CD-MOF | N69: ='Raw Data'!I95 -> 2.5 | O69: ='Raw Data'!Q95 -> / | P69: ='Raw Data'!R95 -> / | Q69: ='Raw Data'!S95 -> / | R69: ='Raw Data'!T95 -> / | S69: ='Raw Data'!O95 -> 313,1 | T69: ='Raw Data'!P95 -> / | V69: ='Raw Data'!X95 -> ^^^
A70: ='Raw Data'!E96 -> UPOZAB | B70: =M70 -> [Zn5(OH)2.1(NHPh)1.9(btdd)3 (MFU-4I framework) | C70: =VLOOKUP($A70, Table_S1!$B$10:$K$5118, 2, FALSE) -> Zn | D70: =VLOOKUP($A70, Table_S1!$B$10:$K$5118, 3, FALSE) -> 0.559386 | E70: =VLOOKUP($A70, Table_S1!$B$10:$K$5118, 4, FALSE) -> 9.17011 | F70: =VLOOKUP($A70, Table_S1!$B$10:$K$5118, 5, FALSE) -> 18.72701 | G70: =VLOOKUP($A70, Table_S1!$B$10:$K$5118, 6, FALSE) -> 1825.21 | H70: =VLOOKUP($A70, Table_S1!$B$10:$K$5118, 7, FALSE) -> 3262.89 | I70: =VLOOKUP($A70, Table_S1!$B$10:$K$5118, 8, FALSE) -> 0.854774 | J70: =VLOOKUP($A70, Table_S1!$B$10:$K$5118, 9, FALSE) -> 1.46152 | K70: =VLOOKUP($A70, Table_S1!$B$10:$K$5118, 10, FALSE) -> 0 | M70: ='Raw Data'!C96 -> [Zn5(OH)2.1(NHPh)1.9(btdd)3 (MFU-4I framework) | N70: ='Raw Data'!I96 -> 0.95 | O70: ='Raw Data'!Q96 -> 2816 | P70: ='Raw Data'!R96 -> / | Q70: ='Raw Data'!S96 -> / | R70: ='Raw Data'!T96 -> / | S70: ='Raw Data'!O96 -> 300,1 | T70: ='Raw Data'!P96 -> / | V70: ='Raw Data'!X96 -> C.E. Bien, Z.Z. Cai, C.R. Wade Using postsynthetic x-type ligand exchange to enhance CO2 adsorption in metal-organic frameworks with kuratowski-type building units Inorg. Chem., 60 (2021), pp. 11784-11794
A71: ='Raw Data'!E97 -> UPOZAB | B71: =M71 -> MFU-4l (2a-NiOH) (MFU-4I framework) | C71: =VLOOKUP($A71, Table_S1!$B$10:$K$5118, 2, FALSE) -> Zn | D71: =VLOOKUP($A71, Table_S1!$B$10:$K$5118, 3, FALSE) -> 0.559386 | E71: =VLOOKUP($A71, Table_S1!$B$10:$K$5118, 4, FALSE) -> 9.17011 | F71: =VLOOKUP($A71, Table_S1!$B$10:$K$5118, 5, FALSE) -> 18.72701 | G71: =VLOOKUP($A71, Table_S1!$B$10:$K$5118, 6, FALSE) -> 1825.21 | H71: =VLOOKUP($A71, Table_S1!$B$10:$K$5118, 7, FALSE) -> 3262.89 | I71: =VLOOKUP($A71, Table_S1!$B$10:$K$5118, 8, FALSE) -> 0.854774 | J71: =VLOOKUP($A71, Table_S1!$B$10:$K$5118, 9, FALSE) -> 1.46152 | K71: =VLOOKUP($A71, Table_S1!$B$10:$K$5118, 10, FALSE) -> 0 | M71: ='Raw Data'!C97 -> MFU-4l (2a-NiOH) (MFU-4I framework) | N71: ='Raw Data'!I97 -> 4.15 | O71: ='Raw Data'!Q97 -> 3204 | P71: ='Raw Data'!R97 -> / | Q71: ='Raw Data'!S97 -> / | R71: ='Raw Data'!T97 -> / | S71: ='Raw Data'!O97 -> 298,1 | T71: ='Raw Data'!P97 -> / | V71: ='Raw Data'!X97 -> Z. Cai, C.E. Bien, Q. Liu, C.R. Wade Insights into CO2 adsorption in M-OH functionalized MOFs Chem. Mater., 32 (2020), pp. 4257-4264
A72: ='Raw Data'!E98 -> AJECIE | B72: =M72 -> pyMOF-74a (MOF-74 derivatives) | C72: =VLOOKUP($A72, Table_S1!$B$10:$K$5118, 2, FALSE) -> #N/A | D72: =VLOOKUP($A72, Table_S1!$B$10:$K$5118, 3, FALSE) -> #N/A | E72: =VLOOKUP($A72, Table_S1!$B$10:$K$5118, 4, FALSE) -> #N/A | F72: =VLOOKUP($A72, Table_S1!$B$10:$K$5118, 5, FALSE) -> #N/A | G72: =VLOOKUP($A72, Table_S1!$B$10:$K$5118, 6, FALSE) -> #N/A | H72: =VLOOKUP($A72, Table_S1!$B$10:$K$5118, 7, FALSE) -> #N/A | I72: =VLOOKUP($A72, Table_S1!$B$10:$K$5118, 8, FALSE) -> #N/A | J72: =VLOOKUP($A72, Table_S1!$B$10:$K$5118, 9, FALSE) -> #N/A | K72: =VLOOKUP($A72, Table_S1!$B$10:$K$5118, 10, FALSE) -> #N/A | M72: ='Raw Data'!C98 -> pyMOF-74a (MOF-74 derivatives) | N72: ='Raw Data'!I98 -> 2.32 | O72: ='Raw Data'!Q98 -> 605 | P72: ='Raw Data'!R98 -> / | Q72: ='Raw Data'!S98 -> / | R72: ='Raw Data'!T98 -> / | S72: ='Raw Data'!O98 -> 298,1 | T72: ='Raw Data'!P98 -> / | V72: ='Raw Data'!X98 -> M. Zhao, Y. Ban, Z. Chang, Y. Zhou, K. Yang, Y. Wang, N. Cao, W. Yang Pyrazine-interior-embodied MOF-74 for selective CO2 adsorption AIChE J, 68 (2022)
A73: ='Raw Data'!E99 -> AJECIE | B73: =M73 -> pyMOF-74b | C73: =VLOOKUP($A73, Table_S1!$B$10:$K$5118, 2, FALSE) -> #N/A | D73: =VLOOKUP($A73, Table_S1!$B$10:$K$5118, 3, FALSE) -> #N/A | E73: =VLOOKUP($A73, Table_S1!$B$10:$K$5118, 4, FALSE) -> #N/A | F73: =VLOOKUP($A73, Table_S1!$B$10:$K$5118, 5, FALSE) -> #N/A | G73: =VLOOKUP($A73, Table_S1!$B$10:$K$5118, 6, FALSE) -> #N/A | H73: =VLOOKUP($A73, Table_S1!$B$10:$K$5118, 7, FALSE) -> #N/A | I73: =VLOOKUP($A73, Table_S1!$B$10:$K$5118, 8, FALSE) -> #N/A | J73: =VLOOKUP($A73, Table_S1!$B$10:$K$5118, 9, FALSE) -> #N/A | K73: =VLOOKUP($A73, Table_S1!$B$10:$K$5118, 10, FALSE) -> #N/A | M73: ='Raw Data'!C99 -> pyMOF-74b | N73: ='Raw Data'!I99 -> 1.35 | O73: ='Raw Data'!Q99 -> 300 | P73: ='Raw Data'!R99 -> / | Q73: ='Raw Data'!S99 -> / | R73: ='Raw Data'!T99 -> / | S73: ='Raw Data'!O99 -> 298,1 | T73: ='Raw Data'!P99 -> / | V73: ='Raw Data'!X99 -> ^^^
A74: ='Raw Data'!E100 -> AJECIE | B74: =M74 -> pyMOF-74c | C74: =VLOOKUP($A74, Table_S1!$B$10:$K$5118, 2, FALSE) -> #N/A | D74: =VLOOKUP($A74, Table_S1!$B$10:$K$5118, 3, FALSE) -> #N/A | E74: =VLOOKUP($A74, Table_S1!$B$10:$K$5118, 4, FALSE) -> #N/A | F74: =VLOOKUP($A74, Table_S1!$B$10:$K$5118, 5, FALSE) -> #N/A | G74: =VLOOKUP($A74, Table_S1!$B$10:$K$5118, 6, FALSE) -> #N/A | H74: =VLOOKUP($A74, Table_S1!$B$10:$K$5118, 7, FALSE) -> #N/A | I74: =VLOOKUP($A74, Table_S1!$B$10:$K$5118, 8, FALSE) -> #N/A | J74: =VLOOKUP($A74, Table_S1!$B$10:$K$5118, 9, FALSE) -> #N/A | K74: =VLOOKUP($A74, Table_S1!$B$10:$K$5118, 10, FALSE) -> #N/A | M74: ='Raw Data'!C100 -> pyMOF-74c | N74: ='Raw Data'!I100 -> 1.07 | O74: ='Raw Data'!Q100 -> 42 | P74: ='Raw Data'!R100 -> / | Q74: ='Raw Data'!S100 -> / | R74: ='Raw Data'!T100 -> / | S74: ='Raw Data'!O100 -> 298,1 | T74: ='Raw Data'!P100 -> / | V74: ='Raw Data'!X100 -> ^^^
A75: ='Raw Data'!E103 -> FEDFOM | B75: =M75 -> HHU-2-Cl | C75: =VLOOKUP($A75, Table_S1!$B$10:$K$5118, 2, FALSE) -> #N/A | D75: =VLOOKUP($A75, Table_S1!$B$10:$K$5118, 3, FALSE) -> #N/A | E75: =VLOOKUP($A75, Table_S1!$B$10:$K$5118, 4, FALSE) -> #N/A | F75: =VLOOKUP($A75, Table_S1!$B$10:$K$5118, 5, FALSE) -> #N/A | G75: =VLOOKUP($A75, Table_S1!$B$10:$K$5118, 6, FALSE) -> #N/A | H75: =VLOOKUP($A75, Table_S1!$B$10:$K$5118, 7, FALSE) -> #N/A | I75: =VLOOKUP($A75, Table_S1!$B$10:$K$5118, 8, FALSE) -> #N/A | J75: =VLOOKUP($A75, Table_S1!$B$10:$K$5118, 9, FALSE) -> #N/A | K75: =VLOOKUP($A75, Table_S1!$B$10:$K$5118, 10, FALSE) -> #N/A | M75: ='Raw Data'!C103 -> HHU-2-Cl | N75: ='Raw Data'!I103 -> 3.28 | O75: ='Raw Data'!Q103 -> 852 | P75: ='Raw Data'!R103 -> / | Q75: ='Raw Data'!S103 -> / | R75: ='Raw Data'!T103 -> / | S75: ='Raw Data'!O103 -> 293.1 | T75: ='Raw Data'!P103 -> / | V75: ='Raw Data'!X103 -> T.M.M. Ntep, H. Breitzke, L. Schmolke, C. Schlusener, B. Moll, S. Millan, N. Tannert, I. El Aita, G. Buntkowsky, C. Janiak Facile in situ halogen functionalization via triple-bond hydrohalogenation: Enhancing sorption capacities through halogenation to halofumarate-based zr(iv)-metal-organic frameworks Chem. Mater., 31 (2019), pp. 8629-8638
A76: ='Raw Data'!E104 -> FEDFOM | B76: =M76 -> HHU-2-Br | C76: =VLOOKUP($A76, Table_S1!$B$10:$K$5118, 2, FALSE) -> #N/A | D76: =VLOOKUP($A76, Table_S1!$B$10:$K$5118, 3, FALSE) -> #N/A | E76: =VLOOKUP($A76, Table_S1!$B$10:$K$5118, 4, FALSE) -> #N/A | F76: =VLOOKUP($A76, Table_S1!$B$10:$K$5118, 5, FALSE) -> #N/A | G76: =VLOOKUP($A76, Table_S1!$B$10:$K$5118, 6, FALSE) -> #N/A | H76: =VLOOKUP($A76, Table_S1!$B$10:$K$5118, 7, FALSE) -> #N/A | I76: =VLOOKUP($A76, Table_S1!$B$10:$K$5118, 8, FALSE) -> #N/A | J76: =VLOOKUP($A76, Table_S1!$B$10:$K$5118, 9, FALSE) -> #N/A | K76: =VLOOKUP($A76, Table_S1!$B$10:$K$5118, 10, FALSE) -> #N/A | M76: ='Raw Data'!C104 -> HHU-2-Br | N76: ='Raw Data'!I104 -> 1.83 | O76: ='Raw Data'!Q104 -> 620 | P76: ='Raw Data'!R104 -> / | Q76: ='Raw Data'!S104 -> / | R76: ='Raw Data'!T104 -> / | S76: ='Raw Data'!O104 -> 291.1 | T76: ='Raw Data'!P104 -> / | V76: ='Raw Data'!X104 -> ^^^
A77: ='Raw Data'!E105 -> BOHKAM | B77: =M77 -> MOF-801 | C77: =VLOOKUP($A77, Table_S1!$B$10:$K$5118, 2, FALSE) -> #N/A | D77: =VLOOKUP($A77, Table_S1!$B$10:$K$5118, 3, FALSE) -> #N/A | E77: =VLOOKUP($A77, Table_S1!$B$10:$K$5118, 4, FALSE) -> #N/A | F77: =VLOOKUP($A77, Table_S1!$B$10:$K$5118, 5, FALSE) -> #N/A | G77: =VLOOKUP($A77, Table_S1!$B$10:$K$5118, 6, FALSE) -> #N/A | H77: =VLOOKUP($A77, Table_S1!$B$10:$K$5118, 7, FALSE) -> #N/A | I77: =VLOOKUP($A77, Table_S1!$B$10:$K$5118, 8, FALSE) -> #N/A | J77: =VLOOKUP($A77, Table_S1!$B$10:$K$5118, 9, FALSE) -> #N/A | K77: =VLOOKUP($A77, Table_S1!$B$10:$K$5118, 10, FALSE) -> #N/A | M77: ='Raw Data'!C105 -> MOF-801 | N77: ='Raw Data'!I105 -> 2.28 | O77: ='Raw Data'!Q105 -> 939 | P77: ='Raw Data'!R105 -> / | Q77: ='Raw Data'!S105 -> / | R77: ='Raw Data'!T105 -> / | S77: ='Raw Data'!O105 -> 293.1 | T77: ='Raw Data'!P105 -> / | V77: ='Raw Data'!X105 -> ^^^
A78: ='Raw Data'!E106 -> SEFWIN | B78: =M78 -> β-CD-MOF | C78: =VLOOKUP($A78, Table_S1!$B$10:$K$5118, 2, FALSE) -> #N/A | D78: =VLOOKUP($A78, Table_S1!$B$10:$K$5118, 3, FALSE) -> #N/A | E78: =VLOOKUP($A78, Table_S1!$B$10:$K$5118, 4, FALSE) -> #N/A | F78: =VLOOKUP($A78, Table_S1!$B$10:$K$5118, 5, FALSE) -> #N/A | G78: =VLOOKUP($A78, Table_S1!$B$10:$K$5118, 6, FALSE) -> #N/A | H78: =VLOOKUP($A78, Table_S1!$B$10:$K$5118, 7, FALSE) -> #N/A | I78: =VLOOKUP($A78, Table_S1!$B$10:$K$5118, 8, FALSE) -> #N/A | J78: =VLOOKUP($A78, Table_S1!$B$10:$K$5118, 9, FALSE) -> #N/A | K78: =VLOOKUP($A78, Table_S1!$B$10:$K$5118, 10, FALSE) -> #N/A | M78: ='Raw Data'!C106 -> β-CD-MOF | N78: ='Raw Data'!I106 -> 0.05 | O78: ='Raw Data'!Q106 -> / | P78: ='Raw Data'!R106 -> / | Q78: ='Raw Data'!S106 -> / | R78: ='Raw Data'!T106 -> / | S78: ='Raw Data'!O106 -> 273.1 | T78: ='Raw Data'!P106 -> / | V78: ='Raw Data'!X106 -> L. Xu, C.-Y. Xing, D. Ke, L. Chen, Z.-J. Qiu, S.-L. Zeng, B.-J. Li, S. Zhang Amino-functionalized β-cyclodextrin to construct green metal–organic framework materials for CO2 capture ACS Appl. Mater. Interfaces, 12 (2020), pp. 3032-3041
A79: ='Raw Data'!E107 -> ZUTNOU | B79: =M79 -> NH2-β-CD-MOF | C79: =VLOOKUP($A79, Table_S1!$B$10:$K$5118, 2, FALSE) -> #N/A | D79: =VLOOKUP($A79, Table_S1!$B$10:$K$5118, 3, FALSE) -> #N/A | E79: =VLOOKUP($A79, Table_S1!$B$10:$K$5118, 4, FALSE) -> #N/A | F79: =VLOOKUP($A79, Table_S1!$B$10:$K$5118, 5, FALSE) -> #N/A | G79: =VLOOKUP($A79, Table_S1!$B$10:$K$5118, 6, FALSE) -> #N/A | H79: =VLOOKUP($A79, Table_S1!$B$10:$K$5118, 7, FALSE) -> #N/A | I79: =VLOOKUP($A79, Table_S1!$B$10:$K$5118, 8, FALSE) -> #N/A | J79: =VLOOKUP($A79, Table_S1!$B$10:$K$5118, 9, FALSE) -> #N/A | K79: =VLOOKUP($A79, Table_S1!$B$10:$K$5118, 10, FALSE) -> #N/A | M79: ='Raw Data'!C107 -> NH2-β-CD-MOF | N79: ='Raw Data'!I107 -> 0.55 | O79: ='Raw Data'!Q107 -> / | P79: ='Raw Data'!R107 -> / | Q79: ='Raw Data'!S107 -> / | R79: ='Raw Data'!T107 -> / | S79: ='Raw Data'!O107 -> 273.1 | T79: ='Raw Data'!P107 -> / | V79: ='Raw Data'!X107 -> ^^^
A80: ='Raw Data'!E108 -> OCUNAC | B80: =M80 -> MIL-101(Cr) | C80: =VLOOKUP($A80, Table_S1!$B$10:$K$5118, 2, FALSE) -> Cr | D80: =VLOOKUP($A80, Table_S1!$B$10:$K$5118, 3, FALSE) -> 0.427517 | E80: =VLOOKUP($A80, Table_S1!$B$10:$K$5118, 4, FALSE) -> 14.04664 | F80: =VLOOKUP($A80, Table_S1!$B$10:$K$5118, 5, FALSE) -> 36.1506 | G80: =VLOOKUP($A80, Table_S1!$B$10:$K$5118, 6, FALSE) -> 1345.1 | H80: =VLOOKUP($A80, Table_S1!$B$10:$K$5118, 7, FALSE) -> 3146.31 | I80: =VLOOKUP($A80, Table_S1!$B$10:$K$5118, 8, FALSE) -> 0.844869 | J80: =VLOOKUP($A80, Table_S1!$B$10:$K$5118, 9, FALSE) -> 1.96082 | K80: =VLOOKUP($A80, Table_S1!$B$10:$K$5118, 10, FALSE) -> hydrogenation + geom. Minimization (fine setting/cg) | M80: ='Raw Data'!C108 -> MIL-101(Cr) | N80: ='Raw Data'!I108 -> 2.2 | O80: ='Raw Data'!Q108 -> 3195 | P80: ='Raw Data'!R108 -> / | Q80: ='Raw Data'!S108 -> / | R80: ='Raw Data'!T108 -> / | S80: ='Raw Data'!O108 -> 293.1 | T80: ='Raw Data'!P108 -> / | V80: ='Raw Data'!X108 -> J.M. Park, G.-Y. Cha, D. Jo, K.H. Cho, J.W. Yoon, Y.K. Hwang, S.-K. Lee, U.H. Lee Amine and fluorine co-functionalized MIL-101(Cr) synthesized via a mixed-ligand strategy for CO2 capture under humid conditions Chem. Eng. J., 444 (2022), Article 136476
A81: ='Raw Data'!E109 -> OCUNAC | B81: =M81 -> MIL-101(Cr)–NH2 | C81: =VLOOKUP($A81, Table_S1!$B$10:$K$5118, 2, FALSE) -> Cr | D81: =VLOOKUP($A81, Table_S1!$B$10:$K$5118, 3, FALSE) -> 0.427517 | E81: =VLOOKUP($A81, Table_S1!$B$10:$K$5118, 4, FALSE) -> 14.04664 | F81: =VLOOKUP($A81, Table_S1!$B$10:$K$5118, 5, FALSE) -> 36.1506 | G81: =VLOOKUP($A81, Table_S1!$B$10:$K$5118, 6, FALSE) -> 1345.1 | H81: =VLOOKUP($A81, Table_S1!$B$10:$K$5118, 7, FALSE) -> 3146.31 | I81: =VLOOKUP($A81, Table_S1!$B$10:$K$5118, 8, FALSE) -> 0.844869 | J81: =VLOOKUP($A81, Table_S1!$B$10:$K$5118, 9, FALSE) -> 1.96082 | K81: =VLOOKUP($A81, Table_S1!$B$10:$K$5118, 10, FALSE) -> hydrogenation + geom. Minimization (fine setting/cg) | M81: ='Raw Data'!C109 -> MIL-101(Cr)–NH2 | N81: ='Raw Data'!I109 -> 3 | O81: ='Raw Data'!Q109 -> 2909 | P81: ='Raw Data'!R109 -> / | Q81: ='Raw Data'!S109 -> / | R81: ='Raw Data'!T109 -> / | S81: ='Raw Data'!O109 -> 293.1 | T81: ='Raw Data'!P109 -> / | V81: ='Raw Data'!X109 -> ^^^
A82: ='Raw Data'!E110 -> OCUNAC | B82: =M82 -> MIL-101(Cr)–NH2-F0.5 | C82: =VLOOKUP($A82, Table_S1!$B$10:$K$5118, 2, FALSE) -> Cr | D82: =VLOOKUP($A82, Table_S1!$B$10:$K$5118, 3, FALSE) -> 0.427517 | E82: =VLOOKUP($A82, Table_S1!$B$10:$K$5118, 4, FALSE) -> 14.04664 | F82: =VLOOKUP($A82, Table_S1!$B$10:$K$5118, 5, FALSE) -> 36.1506 | G82: =VLOOKUP($A82, Table_S1!$B$10:$K$5118, 6, FALSE) -> 1345.1 | H82: =VLOOKUP($A82, Table_S1!$B$10:$K$5118, 7, FALSE) -> 3146.31 | I82: =VLOOKUP($A82, Table_S1!$B$10:$K$5118, 8, FALSE) -> 0.844869 | J82: =VLOOKUP($A82, Table_S1!$B$10:$K$5118, 9, FALSE) -> 1.96082 | K82: =VLOOKUP($A82, Table_S1!$B$10:$K$5118, 10, FALSE) -> hydrogenation + geom. Minimization (fine setting/cg) | M82: ='Raw Data'!C110 -> MIL-101(Cr)–NH2-F0.5 | N82: ='Raw Data'!I110 -> 3.6 | O82: ='Raw Data'!Q110 -> 2385 | P82: ='Raw Data'!R110 -> / | Q82: ='Raw Data'!S110 -> / | R82: ='Raw Data'!T110 -> / | S82: ='Raw Data'!O110 -> 293.1 | T82: ='Raw Data'!P110 -> / | V82: ='Raw Data'!X110 -> ^^^
A83: ='Raw Data'!E113 -> DOTSOV42 | B83: =M83 -> Cu BTC (HKUST-1) | C83: =VLOOKUP($A83, Table_S1!$B$10:$K$5118, 2, FALSE) -> Cu | D83: =VLOOKUP($A83, Table_S1!$B$10:$K$5118, 3, FALSE) -> 0.88463 | E83: =VLOOKUP($A83, Table_S1!$B$10:$K$5118, 4, FALSE) -> 6.68237 | F83: =VLOOKUP($A83, Table_S1!$B$10:$K$5118, 5, FALSE) -> 13.28197 | G83: =VLOOKUP($A83, Table_S1!$B$10:$K$5118, 6, FALSE) -> 1832.89 | H83: =VLOOKUP($A83, Table_S1!$B$10:$K$5118, 7, FALSE) -> 2070.82 | I83: =VLOOKUP($A83, Table_S1!$B$10:$K$5118, 8, FALSE) -> 0.751817 | J83: =VLOOKUP($A83, Table_S1!$B$10:$K$5118, 9, FALSE) -> 0.812183 | K83: =VLOOKUP($A83, Table_S1!$B$10:$K$5118, 10, FALSE) -> 0 | M83: ='Raw Data'!C113 -> Cu BTC (HKUST-1) | N83: ='Raw Data'!I113 -> 3.4 | O83: ='Raw Data'!Q113 -> 526.51 | P83: 0.801 | Q83: 5.05/10.45/12.4 | R83: ='Raw Data'!T113 -> / | S83: ='Raw Data'!O113 -> 298.1 | T83: ='Raw Data'!P113 -> / | V83: ='Raw Data'!X113 -> R. Pan, Y.N. Guo, Y.N. Tang, D. Wei, L. Mengli, D.L. He Dicationic liquid containing alkenyl modified cubtc improves the performance of the composites: Increasing the CO2 adsorption effect Chem. Eng. J., 430 (2022), Article 132127 | Y83: Furukawa H., Miller M. A., Yaghi O. M., Independent verification of the saturation hydrogen uptake in MOF-177 and establishment of a benchmark for hydrogen adsorption in metal–organic frameworks. J. Mater. Chem. 17, 3197 (2007). | Z83: Furukawa H., Miller M. A., Yaghi O. M., Independent verification of the saturation hydrogen uptake in MOF-177 and establishment of a benchmark for hydrogen adsorption in metal–organic frameworks. J. Mater. Chem. 17, 3197 (2007).
A84: ='Raw Data'!E114 -> DOTSOV42 | B84: =M84 -> DIL-2/Cu BTC | C84: =VLOOKUP($A84, Table_S1!$B$10:$K$5118, 2, FALSE) -> Cu | D84: =VLOOKUP($A84, Table_S1!$B$10:$K$5118, 3, FALSE) -> 0.88463 | E84: =VLOOKUP($A84, Table_S1!$B$10:$K$5118, 4, FALSE) -> 6.68237 | F84: =VLOOKUP($A84, Table_S1!$B$10:$K$5118, 5, FALSE) -> 13.28197 | G84: =VLOOKUP($A84, Table_S1!$B$10:$K$5118, 6, FALSE) -> 1832.89 | H84: =VLOOKUP($A84, Table_S1!$B$10:$K$5118, 7, FALSE) -> 2070.82 | I84: =VLOOKUP($A84, Table_S1!$B$10:$K$5118, 8, FALSE) -> 0.751817 | J84: =VLOOKUP($A84, Table_S1!$B$10:$K$5118, 9, FALSE) -> 0.812183 | K84: =VLOOKUP($A84, Table_S1!$B$10:$K$5118, 10, FALSE) -> 0 | M84: ='Raw Data'!C114 -> DIL-2/Cu BTC | N84: ='Raw Data'!I114 -> 3.83 | O84: ='Raw Data'!Q114 -> 841.1 | P84: ='Raw Data'!R114 -> / | Q84: ='Raw Data'!S114 -> / | R84: ='Raw Data'!T114 -> / | S84: ='Raw Data'!O114 -> 298.1 | T84: ='Raw Data'!P114 -> / | V84: ='Raw Data'!X114 -> ^^^
A85: ='Raw Data'!E115 -> HEKFOW | B85: =M85 -> UiO-67 | C85: =VLOOKUP($A85, Table_S1!$B$10:$K$5118, 2, FALSE) -> #N/A | D85: =VLOOKUP($A85, Table_S1!$B$10:$K$5118, 3, FALSE) -> #N/A | E85: =VLOOKUP($A85, Table_S1!$B$10:$K$5118, 4, FALSE) -> #N/A | F85: =VLOOKUP($A85, Table_S1!$B$10:$K$5118, 5, FALSE) -> #N/A | G85: =VLOOKUP($A85, Table_S1!$B$10:$K$5118, 6, FALSE) -> #N/A | H85: =VLOOKUP($A85, Table_S1!$B$10:$K$5118, 7, FALSE) -> #N/A | I85: =VLOOKUP($A85, Table_S1!$B$10:$K$5118, 8, FALSE) -> #N/A | J85: =VLOOKUP($A85, Table_S1!$B$10:$K$5118, 9, FALSE) -> #N/A | K85: =VLOOKUP($A85, Table_S1!$B$10:$K$5118, 10, FALSE) -> #N/A | M85: ='Raw Data'!C115 -> UiO-67 | N85: ='Raw Data'!I115 -> 1.06 | O85: ='Raw Data'!Q115 -> 2407 | P85: ='Raw Data'!R115 -> / | Q85: ='Raw Data'!S115 -> / | R85: ='Raw Data'!T115 -> / | S85: ='Raw Data'!O115 -> 273.1 | T85: ='Raw Data'!P115 -> / | V85: ='Raw Data'!X115 -> W.L. Xue, L. Wang, Y.K. Li, H. Chen, K.X. Fu, F. Zhang, T. He, Y.H. Deng, J.R. Li, C.Q. Wan Reticular chemistry for ionic liquid-functionalized metal-organic frameworks with high selectivity for CO2 ACS Sustain. Chem. Eng., 8 (2020), pp. 18558-18567
A86: ='Raw Data'!E116 -> HEKFOW | B86: =M86 -> UiO-67-MIMS(0.25) | C86: =VLOOKUP($A86, Table_S1!$B$10:$K$5118, 2, FALSE) -> #N/A | D86: =VLOOKUP($A86, Table_S1!$B$10:$K$5118, 3, FALSE) -> #N/A | E86: =VLOOKUP($A86, Table_S1!$B$10:$K$5118, 4, FALSE) -> #N/A | F86: =VLOOKUP($A86, Table_S1!$B$10:$K$5118, 5, FALSE) -> #N/A | G86: =VLOOKUP($A86, Table_S1!$B$10:$K$5118, 6, FALSE) -> #N/A | H86: =VLOOKUP($A86, Table_S1!$B$10:$K$5118, 7, FALSE) -> #N/A | I86: =VLOOKUP($A86, Table_S1!$B$10:$K$5118, 8, FALSE) -> #N/A | J86: =VLOOKUP($A86, Table_S1!$B$10:$K$5118, 9, FALSE) -> #N/A | K86: =VLOOKUP($A86, Table_S1!$B$10:$K$5118, 10, FALSE) -> #N/A | M86: ='Raw Data'!C116 -> UiO-67-MIMS(0.25) | N86: ='Raw Data'!I116 -> 0.8 | O86: ='Raw Data'!Q116 -> 1627 | P86: ='Raw Data'!R116 -> / | Q86: ='Raw Data'!S116 -> / | R86: ='Raw Data'!T116 -> / | S86: ='Raw Data'!O116 -> 273.1 | T86: ='Raw Data'!P116 -> / | V86: ='Raw Data'!X116 -> ^^^
A87: ='Raw Data'!E117 -> HEKFOW | B87: =M87 -> UiO-67-ILs-Cl | C87: =VLOOKUP($A87, Table_S1!$B$10:$K$5118, 2, FALSE) -> #N/A | D87: =VLOOKUP($A87, Table_S1!$B$10:$K$5118, 3, FALSE) -> #N/A | E87: =VLOOKUP($A87, Table_S1!$B$10:$K$5118, 4, FALSE) -> #N/A | F87: =VLOOKUP($A87, Table_S1!$B$10:$K$5118, 5, FALSE) -> #N/A | G87: =VLOOKUP($A87, Table_S1!$B$10:$K$5118, 6, FALSE) -> #N/A | H87: =VLOOKUP($A87, Table_S1!$B$10:$K$5118, 7, FALSE) -> #N/A | I87: =VLOOKUP($A87, Table_S1!$B$10:$K$5118, 8, FALSE) -> #N/A | J87: =VLOOKUP($A87, Table_S1!$B$10:$K$5118, 9, FALSE) -> #N/A | K87: =VLOOKUP($A87, Table_S1!$B$10:$K$5118, 10, FALSE) -> #N/A | M87: ='Raw Data'!C117 -> UiO-67-ILs-Cl | N87: ='Raw Data'!I117 -> 3.8 | O87: ='Raw Data'!Q117 -> 1403 | P87: ='Raw Data'!R117 -> / | Q87: ='Raw Data'!S117 -> / | R87: ='Raw Data'!T117 -> / | S87: ='Raw Data'!O117 -> 273.1 | T87: ='Raw Data'!P117 -> / | V87: ='Raw Data'!X117 -> ^^^
A88: ='Raw Data'!E118 -> / | B88: =M88 -> MFM-102 | C88: =VLOOKUP($A88, Table_S1!$B$10:$K$5118, 2, FALSE) -> #N/A | D88: =VLOOKUP($A88, Table_S1!$B$10:$K$5118, 3, FALSE) -> #N/A | E88: =VLOOKUP($A88, Table_S1!$B$10:$K$5118, 4, FALSE) -> #N/A | F88: =VLOOKUP($A88, Table_S1!$B$10:$K$5118, 5, FALSE) -> #N/A | G88: =VLOOKUP($A88, Table_S1!$B$10:$K$5118, 6, FALSE) -> #N/A | H88: =VLOOKUP($A88, Table_S1!$B$10:$K$5118, 7, FALSE) -> #N/A | I88: =VLOOKUP($A88, Table_S1!$B$10:$K$5118, 8, FALSE) -> #N/A | J88: =VLOOKUP($A88, Table_S1!$B$10:$K$5118, 9, FALSE) -> #N/A | K88: =VLOOKUP($A88, Table_S1!$B$10:$K$5118, 10, FALSE) -> #N/A | M88: ='Raw Data'!C118 -> MFM-102 | N88: ='Raw Data'!I118 -> 6.03 | O88: ='Raw Data'!Q118 -> 3412 | P88: ='Raw Data'!R118 -> / | Q88: ='Raw Data'!S118 -> / | R88: ='Raw Data'!T118 -> / | S88: ='Raw Data'!O118 -> 273.1 | T88: ='Raw Data'!P118 -> / | V88: ='Raw Data'!X118 -> T.D. Duong, S.A. Sapchenko, I. da Silva, H.G.W. Godfrey, Y. Cheng, L.L. Daemen, P. Manuel, M.D. Frogley, G. Cinque, A.J. Ramirez-Cuesta, S. Yang, M. Schröder Observation of binding of carbon dioxide to nitro-decorated metal–organic frameworks Chem. Sci., 11 (2020), pp. 5339-5346
A89: ='Raw Data'!E119 -> / | B89: =M89 -> MFM-102-NO2 | C89: =VLOOKUP($A89, Table_S1!$B$10:$K$5118, 2, FALSE) -> #N/A | D89: =VLOOKUP($A89, Table_S1!$B$10:$K$5118, 3, FALSE) -> #N/A | E89: =VLOOKUP($A89, Table_S1!$B$10:$K$5118, 4, FALSE) -> #N/A | F89: =VLOOKUP($A89, Table_S1!$B$10:$K$5118, 5, FALSE) -> #N/A | G89: =VLOOKUP($A89, Table_S1!$B$10:$K$5118, 6, FALSE) -> #N/A | H89: =VLOOKUP($A89, Table_S1!$B$10:$K$5118, 7, FALSE) -> #N/A | I89: =VLOOKUP($A89, Table_S1!$B$10:$K$5118, 8, FALSE) -> #N/A | J89: =VLOOKUP($A89, Table_S1!$B$10:$K$5118, 9, FALSE) -> #N/A | K89: =VLOOKUP($A89, Table_S1!$B$10:$K$5118, 10, FALSE) -> #N/A | M89: ='Raw Data'!C119 -> MFM-102-NO2 | N89: ='Raw Data'!I119 -> 8.21 | O89: ='Raw Data'!Q119 -> 2893 | P89: ='Raw Data'!R119 -> / | Q89: ='Raw Data'!S119 -> / | R89: ='Raw Data'!T119 -> / | S89: ='Raw Data'!O119 -> 273.1 | T89: ='Raw Data'!P119 -> / | V89: ='Raw Data'!X119 -> ^^^
A90: ='Raw Data'!E120 -> / | B90: =M90 -> MFM-102-NH2 | C90: =VLOOKUP($A90, Table_S1!$B$10:$K$5118, 2, FALSE) -> #N/A | D90: =VLOOKUP($A90, Table_S1!$B$10:$K$5118, 3, FALSE) -> #N/A | E90: =VLOOKUP($A90, Table_S1!$B$10:$K$5118, 4, FALSE) -> #N/A | F90: =VLOOKUP($A90, Table_S1!$B$10:$K$5118, 5, FALSE) -> #N/A | G90: =VLOOKUP($A90, Table_S1!$B$10:$K$5118, 6, FALSE) -> #N/A | H90: =VLOOKUP($A90, Table_S1!$B$10:$K$5118, 7, FALSE) -> #N/A | I90: =VLOOKUP($A90, Table_S1!$B$10:$K$5118, 8, FALSE) -> #N/A | J90: =VLOOKUP($A90, Table_S1!$B$10:$K$5118, 9, FALSE) -> #N/A | K90: =VLOOKUP($A90, Table_S1!$B$10:$K$5118, 10, FALSE) -> #N/A | M90: ='Raw Data'!C120 -> MFM-102-NH2 | N90: ='Raw Data'!I120 -> 8.04 | O90: ='Raw Data'!Q120 -> 2923 | P90: ='Raw Data'!R120 -> / | Q90: ='Raw Data'!S120 -> / | R90: ='Raw Data'!T120 -> / | S90: ='Raw Data'!O120 -> 273.1 | T90: ='Raw Data'!P120 -> / | V90: ='Raw Data'!X120 -> ^^^
A91: ='Raw Data'!E121 -> SURKAT | B91: =M91 -> UiO-66-NH2 | C91: =VLOOKUP($A91, Table_S1!$B$10:$K$5118, 2, FALSE) -> #N/A | D91: =VLOOKUP($A91, Table_S1!$B$10:$K$5118, 3, FALSE) -> #N/A | E91: =VLOOKUP($A91, Table_S1!$B$10:$K$5118, 4, FALSE) -> #N/A | F91: =VLOOKUP($A91, Table_S1!$B$10:$K$5118, 5, FALSE) -> #N/A | G91: =VLOOKUP($A91, Table_S1!$B$10:$K$5118, 6, FALSE) -> #N/A | H91: =VLOOKUP($A91, Table_S1!$B$10:$K$5118, 7, FALSE) -> #N/A | I91: =VLOOKUP($A91, Table_S1!$B$10:$K$5118, 8, FALSE) -> #N/A | J91: =VLOOKUP($A91, Table_S1!$B$10:$K$5118, 9, FALSE) -> #N/A | K91: =VLOOKUP($A91, Table_S1!$B$10:$K$5118, 10, FALSE) -> #N/A | M91: ='Raw Data'!C121 -> UiO-66-NH2 | N91: ='Raw Data'!I121 -> 2.8 | O91: ='Raw Data'!Q121 -> 1169.43 | P91: ='Raw Data'!R121 -> / | Q91: ='Raw Data'!S121 -> / | R91: ='Raw Data'!T121 -> / | S91: ='Raw Data'!O121 -> 298.3 | T91: ='Raw Data'!P121 -> / | V91: ='Raw Data'!X121 -> H. Ning, Z. Yang, Z. Yin, D. Wang, Z. Meng, C. Wang, Y. Zhang, Z. Chen A novel strategy to enhance the performance of co2 adsorption separation: Grafting hyper-cross-linked polyimide onto composites of UiO-66-NH2 and GO ACS Appl. Mater. Interfaces, 13 (2021), pp. 17781-17790
A92: ='Raw Data'!E122 -> SURKAT | B92: =M92 -> PI-UiO/GO-1 | C92: =VLOOKUP($A92, Table_S1!$B$10:$K$5118, 2, FALSE) -> #N/A | D92: =VLOOKUP($A92, Table_S1!$B$10:$K$5118, 3, FALSE) -> #N/A | E92: =VLOOKUP($A92, Table_S1!$B$10:$K$5118, 4, FALSE) -> #N/A | F92: =VLOOKUP($A92, Table_S1!$B$10:$K$5118, 5, FALSE) -> #N/A | G92: =VLOOKUP($A92, Table_S1!$B$10:$K$5118, 6, FALSE) -> #N/A | H92: =VLOOKUP($A92, Table_S1!$B$10:$K$5118, 7, FALSE) -> #N/A | I92: =VLOOKUP($A92, Table_S1!$B$10:$K$5118, 8, FALSE) -> #N/A | J92: =VLOOKUP($A92, Table_S1!$B$10:$K$5118, 9, FALSE) -> #N/A | K92: =VLOOKUP($A92, Table_S1!$B$10:$K$5118, 10, FALSE) -> #N/A | M92: ='Raw Data'!C122 -> PI-UiO/GO-1 | N92: ='Raw Data'!I122 -> 8.24 | O92: ='Raw Data'!Q122 -> 917.57 | P92: ='Raw Data'!R122 -> / | Q92: ='Raw Data'!S122 -> / | R92: ='Raw Data'!T122 -> / | S92: ='Raw Data'!O122 -> 298.3 | T92: ='Raw Data'!P122 -> / | V92: ='Raw Data'!X122 -> ^^^
A93: ='Raw Data'!E123 -> RUBTAK | B93: =M93 -> Li+@PAA@UiO-66 | C93: =VLOOKUP($A93, Table_S1!$B$10:$K$5118, 2, FALSE) -> #N/A | D93: =VLOOKUP($A93, Table_S1!$B$10:$K$5118, 3, FALSE) -> #N/A | E93: =VLOOKUP($A93, Table_S1!$B$10:$K$5118, 4, FALSE) -> #N/A | F93: =VLOOKUP($A93, Table_S1!$B$10:$K$5118, 5, FALSE) -> #N/A | G93: =VLOOKUP($A93, Table_S1!$B$10:$K$5118, 6, FALSE) -> #N/A | H93: =VLOOKUP($A93, Table_S1!$B$10:$K$5118, 7, FALSE) -> #N/A | I93: =VLOOKUP($A93, Table_S1!$B$10:$K$5118, 8, FALSE) -> #N/A | J93: =VLOOKUP($A93, Table_S1!$B$10:$K$5118, 9, FALSE) -> #N/A | K93: =VLOOKUP($A93, Table_S1!$B$10:$K$5118, 10, FALSE) -> #N/A | M93: ='Raw Data'!C123 -> Li+@PAA@UiO-66 | N93: ='Raw Data'!I123 -> 0.94 | O93: ='Raw Data'!Q123 -> 238 | P93: ='Raw Data'!R123 -> / | Q93: ='Raw Data'!S123 -> / | R93: ='Raw Data'!T123 -> / | S93: ='Raw Data'!O123 -> 298.1 | T93: ='Raw Data'!P123 -> / | V93: ='Raw Data'!X123 -> Y.J. Chang, H.L. Huang, L. Wang, Y. Li, C.L. Zhong Synergistic dual-Li+ sites for CO2 separation in metal-organic framework composites Chem. Eng. J., 402 (2020), Article 126201
A94: ='Raw Data'!E126 -> RUBTAK | B94: =M94 -> 50PEI@meso-UiO-66–0.2Cu | C94: =VLOOKUP($A94, Table_S1!$B$10:$K$5118, 2, FALSE) -> #N/A | D94: =VLOOKUP($A94, Table_S1!$B$10:$K$5118, 3, FALSE) -> #N/A | E94: =VLOOKUP($A94, Table_S1!$B$10:$K$5118, 4, FALSE) -> #N/A | F94: =VLOOKUP($A94, Table_S1!$B$10:$K$5118, 5, FALSE) -> #N/A | G94: =VLOOKUP($A94, Table_S1!$B$10:$K$5118, 6, FALSE) -> #N/A | H94: =VLOOKUP($A94, Table_S1!$B$10:$K$5118, 7, FALSE) -> #N/A | I94: =VLOOKUP($A94, Table_S1!$B$10:$K$5118, 8, FALSE) -> #N/A | J94: =VLOOKUP($A94, Table_S1!$B$10:$K$5118, 9, FALSE) -> #N/A | K94: =VLOOKUP($A94, Table_S1!$B$10:$K$5118, 10, FALSE) -> #N/A | M94: ='Raw Data'!C126 -> 50PEI@meso-UiO-66–0.2Cu | N94: ='Raw Data'!I126 -> 1.39 | O94: ='Raw Data'!Q126 -> 92 | P94: ='Raw Data'!R126 -> / | Q94: ='Raw Data'!S126 -> / | R94: ='Raw Data'!T126 -> / | S94: ='Raw Data'!O126 -> 298.1 | T94: ='Raw Data'!P126 -> / | V94: ='Raw Data'!X126 -> Z. Li, H.F. Chen, C. Chen, Q.R. Guo, X. Li, Y.T. He, H.J. Wang, N.J. Feng, H. Wan, G.F. Guan High dispersion of polyethyleneimine within mesoporous uio-66s through pore size engineering for selective CO2 capture Chem. Eng. J., 375 (2019), Article 121962
A95: ='Raw Data'!E127 -> / | B95: =M95 -> [Co3(L)2(2,2′-bipy)2](DMF)3 (H2O)3 | C95: =VLOOKUP($A95, Table_S1!$B$10:$K$5118, 2, FALSE) -> #N/A | D95: =VLOOKUP($A95, Table_S1!$B$10:$K$5118, 3, FALSE) -> #N/A | E95: =VLOOKUP($A95, Table_S1!$B$10:$K$5118, 4, FALSE) -> #N/A | F95: =VLOOKUP($A95, Table_S1!$B$10:$K$5118, 5, FALSE) -> #N/A | G95: =VLOOKUP($A95, Table_S1!$B$10:$K$5118, 6, FALSE) -> #N/A | H95: =VLOOKUP($A95, Table_S1!$B$10:$K$5118, 7, FALSE) -> #N/A | I95: =VLOOKUP($A95, Table_S1!$B$10:$K$5118, 8, FALSE) -> #N/A | J95: =VLOOKUP($A95, Table_S1!$B$10:$K$5118, 9, FALSE) -> #N/A | K95: =VLOOKUP($A95, Table_S1!$B$10:$K$5118, 10, FALSE) -> #N/A | M95: ='Raw Data'!C127 -> [Co3(L)2(2,2′-bipy)2](DMF)3 (H2O)3 | N95: ='Raw Data'!I127 -> 2.23 | O95: ='Raw Data'!Q127 -> / | P95: ='Raw Data'!R127 -> / | Q95: ='Raw Data'!S127 -> / | R95: ='Raw Data'!T127 -> / | S95: ='Raw Data'!O127 -> 298.1 | T95: ='Raw Data'!P127 -> / | V95: ='Raw Data'!X127 -> X. Zhou, L. Liu, H. Kou, S. Zheng, M. Song, J. Lu, X. Tai A multifunctional 3D supermolecular co coordination polymer with potential for CO2 adsorption, antibacterial activity, and selective sensing of Fe3+/Cr3+ ions and tnp Front. Chem., 9 (2021), Article 678993
A96: ='Raw Data'!E128 -> / | B96: =M96 -> ZnDATZBDC | C96: =VLOOKUP($A96, Table_S1!$B$10:$K$5118, 2, FALSE) -> #N/A | D96: =VLOOKUP($A96, Table_S1!$B$10:$K$5118, 3, FALSE) -> #N/A | E96: =VLOOKUP($A96, Table_S1!$B$10:$K$5118, 4, FALSE) -> #N/A | F96: =VLOOKUP($A96, Table_S1!$B$10:$K$5118, 5, FALSE) -> #N/A | G96: =VLOOKUP($A96, Table_S1!$B$10:$K$5118, 6, FALSE) -> #N/A | H96: =VLOOKUP($A96, Table_S1!$B$10:$K$5118, 7, FALSE) -> #N/A | I96: =VLOOKUP($A96, Table_S1!$B$10:$K$5118, 8, FALSE) -> #N/A | J96: =VLOOKUP($A96, Table_S1!$B$10:$K$5118, 9, FALSE) -> #N/A | K96: =VLOOKUP($A96, Table_S1!$B$10:$K$5118, 10, FALSE) -> #N/A | M96: ='Raw Data'!C128 -> ZnDATZBDC | N96: ='Raw Data'!I128 -> 2.6 | O96: ='Raw Data'!Q128 -> / | P96: ='Raw Data'!R128 -> / | Q96: ='Raw Data'!S128 -> / | R96: ='Raw Data'!T128 -> / | S96: ='Raw Data'!O128 -> 298.1 | T96: ='Raw Data'!P128 -> / | V96: ='Raw Data'!X128 -> J. Peng, Z. Liu, Y. Wu, S. Xian, Z. Li High-performance selective CO2 capture on a stable and flexible metal–organic framework via discriminatory gate-opening effect ACS Appl. Mater. Interfaces, 14 (2022), pp. 21089-21097,
A97: ='Raw Data'!E129 -> FAZPEF | B97: =M97 -> JLU-MOF107 | C97: =VLOOKUP($A97, Table_S1!$B$10:$K$5118, 2, FALSE) -> #N/A | D97: =VLOOKUP($A97, Table_S1!$B$10:$K$5118, 3, FALSE) -> #N/A | E97: =VLOOKUP($A97, Table_S1!$B$10:$K$5118, 4, FALSE) -> #N/A | F97: =VLOOKUP($A97, Table_S1!$B$10:$K$5118, 5, FALSE) -> #N/A | G97: =VLOOKUP($A97, Table_S1!$B$10:$K$5118, 6, FALSE) -> #N/A | H97: =VLOOKUP($A97, Table_S1!$B$10:$K$5118, 7, FALSE) -> #N/A | I97: =VLOOKUP($A97, Table_S1!$B$10:$K$5118, 8, FALSE) -> #N/A | J97: =VLOOKUP($A97, Table_S1!$B$10:$K$5118, 9, FALSE) -> #N/A | K97: =VLOOKUP($A97, Table_S1!$B$10:$K$5118, 10, FALSE) -> #N/A | M97: ='Raw Data'!C129 -> JLU-MOF107 | N97: ='Raw Data'!I129 -> 7.63 | O97: ='Raw Data'!Q129 -> / | P97: ='Raw Data'!R129 -> / | Q97: ='Raw Data'!S129 -> / | R97: ='Raw Data'!T129 -> / | S97: ='Raw Data'!O129 -> 273.1 | T97: ='Raw Data'!P129 -> / | V97: ='Raw Data'!X129 -> T. Xu, M. Jia, X. Liu, J. Li, Y. Liu Designing multicomponent metal–organic frameworks with hierarchical structure-mimicking distribution for high CO2 capture performance Inorg. Chem., 61 (2022), pp. 7663-7670
A98: ='Raw Data'!E130 -> FEGDEE | B98: =M98 -> FJU-27a | C98: =VLOOKUP($A98, Table_S1!$B$10:$K$5118, 2, FALSE) -> #N/A | D98: =VLOOKUP($A98, Table_S1!$B$10:$K$5118, 3, FALSE) -> #N/A | E98: =VLOOKUP($A98, Table_S1!$B$10:$K$5118, 4, FALSE) -> #N/A | F98: =VLOOKUP($A98, Table_S1!$B$10:$K$5118, 5, FALSE) -> #N/A | G98: =VLOOKUP($A98, Table_S1!$B$10:$K$5118, 6, FALSE) -> #N/A | H98: =VLOOKUP($A98, Table_S1!$B$10:$K$5118, 7, FALSE) -> #N/A | I98: =VLOOKUP($A98, Table_S1!$B$10:$K$5118, 8, FALSE) -> #N/A | J98: =VLOOKUP($A98, Table_S1!$B$10:$K$5118, 9, FALSE) -> #N/A | K98: =VLOOKUP($A98, Table_S1!$B$10:$K$5118, 10, FALSE) -> #N/A | M98: ='Raw Data'!C130 -> FJU-27a | N98: ='Raw Data'!I130 -> 2.54 | O98: ='Raw Data'!Q130 -> 750 | P98: ='Raw Data'!R130 -> / | Q98: ='Raw Data'!S130 -> / | R98: ='Raw Data'!T130 -> / | S98: ='Raw Data'!O130 -> 296.1 | T98: 1bar | V98: ='Raw Data'!X130 -> Z. Li, Y. Ye, C. Shi, Z. Yao, Z. Zhang, S. Xiang Isoreticular double interpenetrating copper–pyrazolate–carboxylate frameworks for efficient CO2 capture Cryst. Growth Des., 22 (2022), pp. 3853-3861

Sheet Table_S1
B1: Table S1. List of structures and their physical properties of CoRE MOF Database (Total # of structures: 5,109). All structures have the Pore Limiting Diameter larger than 2.4 Å.
B2: Extension column lists type of cleaning procedure done on the structure. "clean" for solvent removal (both free/bound); ; "manual" for manual modification for non-ionic species;
B3: "ion" for manual modification for ionic species; "clean_h" for automatic hydrogenation for solvent removed structure; "charged", "uncharged", and "neutral" for ion retention algorithm.
B4: "netural_b" and "ion_b" designate structures that has been manually repaired and contains ions.
B5: Physical properties, such as density, pore volume, pore-limiting diameter (PLD), largest cavity diameter (LCD), volumetric surface area (VSA), gravimetric surface area (GSA) are calculated
B6: using an open-source zeo++ software. Probe with r = 1.86 Å are used for the calculation, except for pore volume, we used probe r = 0 Å.
B7: Helium void fraction is calculated using RASPA simulation code.
B9: CSD REF. CODE | C9: Metal Type | D9: Density (g/cm3) | E9: PLD | F9: LCD | G9: VSA (m2/cm3) | H9: GSA (m2/g) | I9: void fraction | J9: pore volume (cm3/g) | K9: Note | L9: Extension
B10: ABAVIJ | C10: Co | D10: 1.52493 | E10: 2.4972 | F10: 4.45543 | G10: 0 | H10: 0 | I10: 0.23403 | J10: 0.255564 | L10: clean
B11: ABAVOP | C11: Co | D11: 1.56594 | E11: 2.44162 | F11: 3.53642 | G11: 0 | H11: 0 | I11: 0.172707 | J11: 0.239596 | L11: clean
B12: ABEMIF | C12: Cu | D12: 1.15199 | E12: 6.80253 | F12: 11.25251 | G12: 1185.3 | H12: 1028.92 | I12: 0.686068 | J12: 0.556041 | L12: clean
B13: ABEXEM | C13: La | D13: 1.76082 | E13: 4.14331 | F13: 4.82084 | G13: 646.239 | H13: 367.01 | I13: 0.349898 | J13: 0.277374 | L13: clean
B14: ABEXIQ | C14: Ce | D14: 1.7876 | E14: 4.08045 | F14: 4.80529 | G14: 591.71 | H14: 331.008 | I14: 0.344895 | J14: 0.270205 | L14: clean
B15: ABEXOW | C15: Pr | D15: 1.81243 | E15: 4.04921 | F15: 4.7727 | G15: 598.354 | H15: 330.138 | I15: 0.34259 | J15: 0.264961 | L15: clean
B16: ABEXUC | C16: Nd | D16: 1.84813 | E16: 4.0168 | F16: 4.74458 | G16: 547.478 | H16: 296.233 | I16: 0.341167 | J16: 0.257556 | L16: clean
B17: ABEYAJ | C17: Sm | D17: 1.90641 | E17: 3.9715 | F17: 4.73097 | G17: 522.98 | H17: 274.328 | I17: 0.336251 | J17: 0.247672 | L17: clean
B18: ABEYEN | C18: Eu | D18: 1.9293 | E18: 3.94356 | F18: 4.70447 | G18: 486.09 | H18: 251.952 | I18: 0.334151 | J18: 0.243292 | L18: clean
B19: ABEYIR | C19: Gd | D19: 1.96962 | E19: 3.92184 | F19: 4.69665 | G19: 460.6 | H19: 233.852 | I19: 0.33344 | J19: 0.236425 | L19: clean
B20: ABIXOZ | C20: Co, Mo | D20: 1.91751 | E20: 4.0515 | F20: 6.22728 | G20: 1454 | H20: 758.277 | I20: 0.48626 | J20: 0.302069 | L20: clean
B21: ABIYIV | C21: Co | D21: 1.34661 | E21: 3.82431 | F21: 4.33176 | G21: 329.367 | H21: 244.591 | I21: 0.20007 | J21: 0.331387 | L21: clean
... B40: ACUFEK | C40: Cu | D40: 0.559431 | E40: 9.00897 | F40: 15.55627 | G40: 2173.25 | H40: 3884.75 | I40: 0.828876 | J40: 1.39969 | L40: clean
B41: ACUJOZ | C41: Cr, Cu | D41: 0.694288 | E41: 7.82539 | F41: 11.50806 | G41: 2200.18 | H41: 3168.97 | I41: 0.774208 | J41: 1.0638 | K41: hydrogenation | L41: manual
B42: ACUTOI | C42: Cd, Na | D42: 1.71994 | E42: 4.5372 | F42: 5.192 | G42: 627.623 | H42: 364.909 | I42: 0.300425 | J42: 0.235196 | L42: clean
B43: ADABAK | C43: Cu | D43: 1.63969 | E43: 3.26186 | F43: 3.98886 | G43: 0 | H43: 0 | I43: 0.131845 | J43: 0.240287 | L43: clean
B44: ADABAK01 | C44: Cu | D44: 1.60779 | E44: 3.37529 | F44: 3.92375 | G44: 0 | H44: 0 | I44: 0.127616 | J44: 0.253654 | L44: clean
B45: ADABIS | C45: Cu | D45: 1.65299 | E45: 3.05346 | F45: 3.98905 | G45: 0 | H45: 0 | I45: 0.117445 | J45: 0.23919 | L45: clean
B46: ADABUE | C46: Cu | D46: 1.46632 | E46: 3.31507 | F46: 4.54949 | G46: 0 | H46: 0 | I46: 0.219764 | J46: 0.313017 | L46: clean
B47: ADARAA | C47: Co | D47: 0.881935 | E47: 5.40077 | F47: 12.29205 | G47: 1859.88 | H47: 2108.86 | I47: 0.702066 | J47: 0.783257 | L47: clean
B48: ADASAB | C48: Cu | D48: 0.343942 | E48: 13.49014 | F48: 22.82164 | G48: 1651 | H48: 4800.23 | I48: 0.883535 | J48: 2.52819 | L48: charged
B49: ADASEF | C49: Cu | D49: 0.435607 | E49: 10.92309 | F49: 21.62414 | G49: 1815.49 | H49: 4167.72 | I49: 0.887154 | J49: 1.95631 | L49: clean
B50: ADASIJ | C50: Cu | D50: 0.629251 | E50: 6.60024 | F50: 18.23438 | G50: 2103.48 | H50: 3342.84 | I50: 0.82921 | J50: 1.22572 | L50: clean
B51: ADASOP | C51: Zn | D51: 0.63164 | E51: 6.71346 | F51: 18.07262 | G51: 2121.55 | H51: 3358.79 | I51: 0.83639 | J51: 1.22217 | L51: clean
B52: ADASUV | C52: Co | D52: 0.625693 | E52: 6.7332 | F52: 17.16775 | G52: 2131.12 | H52: 3406.02 | I52: 0.809049 | J52: 1.21123 | L52: clean
B53: ADATAC | C53: Zn | D53: 0.33727 | E53: 10.27637 | F53: 26.33515 | G53: 1735.32 | H53: 5145.19 | I53: 0.904943 | J53: 2.57212 | L53: clean
B54: ADATEG | C54: Cu | D54: 0.238777 | E54: 13.33904 | F54: 27.33782 | G54: 1492.07 | H54: 6248.8 | I54: 0.919757 | J54: 3.74355 | K54: removed duplicates + geom. Minimization (fine setting/conjugate grad.) | L54: manual
B55: ADATIK | C55: Cu | D55: 0.377577 | E55: 12.17426 | F55: 24.55082 | G55: 1724.07 | H55: 4566.13 | I55: 0.894563 | J55: 2.30011 | L55: clean
B56: ADAXEK | C56: Co | D56: 1.26343 | E56: 4.10445 | F56: 5.76724 | G56: 994.876 | H56: 787.442 | I56: 0.484384 | J56: 0.397903 | L56: clean
B57: ADEGIA | C57: Gd | D57: 1.59673 | E57: 2.87756 | F57: 4.84442 | G57: 0 | H57: 0 | I57: 0.405188 | J57: 0.316527 | L57: clean
B58: ADIQEL | C58: Co | D58: 1.23763 | E58: 3.91364 | F58: 4.43355 | G58: 459.668 | H58: 371.409 | I58: 0.43249 | J58: 0.387223 | L58: clean
B59: ADOBAX | C59: Mn, V | D59: 1.63796 | E59: 3.76596 | F59: 5.54673 | G59: 302.673 | H59: 184.786 | I59: 0.308612 | J59: 0.285602 | L59: charged
B60: ADOBEB | C60: Mn, V | D60: 1.63796 | E60: 3.76943 | F60: 5.50949 | G60: 301.08 | H60: 183.814 | I60: 0.308996 | J60: 0.285545 | L60: charged
B61: ADOBOL | C61: Co, V | D61: 1.71617 | E61: 3.85295 | F61: 5.48974 | G61: 311.039 | H61: 181.24 | I61: 0.286281 | J61: 0.261948 | L61: charged
B62: ADOBUR | C62: Ni, V | D62: 1.70055 | E62: 3.86827 | F62: 5.46481 | G62: 293.397 | H62: 172.53 | I62: 0.289625 | J62: 0.266455 | L62: charged
B63: ADOCAY | C63: Ni, V | D63: 1.70055 | E63: 3.86636 | F63: 5.42744 | G63: 292.679 | H63: 172.108 | I63: 0.289805 | J63: 0.266664 | L63: charged
B64: ADOCIG | C64: Ni, V | D64: 1.74701 | E64: 3.83937 | F64: 5.38377 | G64: 295.436 | H64: 169.109 | I64: 0.292582 | J64: 0.257115 | L64: charged
B65: ADODAA | C65: Cu | D65: 1.03876 | E65: 4.9065 | F65: 10.017 | G65: 1827.14 | H65: 1758.96 | I65: 0.632027 | J65: 0.654098 | L65: charged
B66: ADODII | C66: La | D66: 1.21661 | E66: 5.30365 | F66: 5.97541 | G66: 904.787 | H66: 743.692 | I66: 0.43188 | J66: 0.441348 | L66: clean
... B160: ANOMUM | C160: Cu | D160: 0.833729 | E160: 4.98752 | F160: 7.28969 | G160: 2316.04 | H160: 2777.93 | I160: 0.725999 | J160: 0.832127 | L160: clean
B161: ANONAT | C161: Cu | D161: 1.21889 | E161: 4.56116 | F161: 5.57395 | G161: 577.073 | H161: 473.441 | I161: 0.600348 | J161: 0.446646 | K161: fixed disorder + geom. Minimization (cg/fine setting) | L161: manual
B162: ANUGEW | C162: Cu | D162: 0.443469 | E162: 10.20511 | F162: 14.4419 | G162: 2034.97 | H162: 4588.75 | I162: 0.874377 | J162: 1.86835 | L162: clean
B163: ANUGIA | C163: Cu | D163: 0.567973 | E163: 6.75838 | F163: 13.85309 | G163: 2136.71 | H163: 3761.99 | I163: 0.855209 | J163: 1.38165 | L163: clean
B164: ANUGOG | C164: Cu | D164: 0.58467 | E164: 7.08849 | F164: 11.39005 | G164: 2364.06 | H164: 4043.41 | I164: 0.84263 | J164: 1.32922 | L164: clean
B165: ANUGUM | C165: Zn | D165: 0.68036 | E165: 6.98845 | F165: 8.23346 | G165: 2343.19 | H165: 3444.05 | I165: 0.812524 | J165: 1.09053 | L165: clean
B166: APEBED | C166: Zn | D166: 1.65192 | E166: 3.62787 | F166: 4.58202 | G166: 0 | H166: 0 | I166: 0.294435 | J166: 0.287431 | L166: clean
B167: AQALIO | C167: Eu, Sr | D167: 2.20004 | E167: 2.83608 | F167: 3.6362 | G167: 0 | H167: 0 | I167: 0.228275 | J167: 0.211061 | L167: clean
B168: AQALOU | C168: Gd, Sr | D168: 2.24292 | E168: 2.83349 | F168: 3.62112 | G168: 0 | H168: 0 | I168: 0.227175 | J168: 0.206251 | L168: clean
B169: AQETIA | C169: Mn, Nb | D169: 1.4454 | E169: 2.58932 | F169: 3.53244 | G169: 0 | H169: 0 | I169: 0.133662 | J169: 0.315884 | L169: clean
B170: AQETUM | C170: Mn, Nb | D170: 1.43617 | E170: 2.99898 | F170: 5.11237 | G170: 0 | H170: 0 | I170: 0.304965 | J170: 0.35599 | L170: clean
B171: AQMAND | C171: Nd | D171: 2.05912 | E171: 2.86973 | F171: 3.38568 | G171: 0 | H171: 0 | I171: 0.15153 | J171: 0.2219 | L171: clean
B172: AQMAND01 | C172: Nd | D172: 2.08242 | E172: 2.85935 | F172: 3.37167 | G172: 0 | H172: 0 | I172: 0.130661 | J172: 0.214343 | L172: clean
B173: AQODOA | C173: Ag | D173: 1.86922 | E173: 3.20541 | F173: 3.45952 | G173: 0 | H173: 0 | I173: 0.107566 | J173: 0.187969 | L173: clean
... B190: ATICEL | C190: Mn | D190: 1.60993 | E190: 3.92049 | F190: 4.9438 | G190: 601.136 | H190: 373.392 | I190: 0.279969 | J190: 0.292067 | L190: clean
B191: ATIJUJ | C191: Co | D191: 0.753394 | E191: 16.95446 | F191: 17.44029 | G191: 1203.67 | H191: 1597.67 | I191: 0.635023 | J191: 0.939775 | K191: hydrogenation | L191: manual
B192: ATOTIM | C192: V | D192: 0.861631 | E192: 13.57577 | F192: 13.86842 | G192: 1272.97 | H192: 1477.4 | I192: 0.680839 | J192: 0.772831 | K192: added hydrogen + geom. Minimization (cg/fine setting) | L192: manual
B193: ATOWIQ | C193: Zn | D193: 0.866747 | E193: 7.69493 | F193: 9.54888 | G193: 1591.24 | H193: 1835.88 | I193: 0.675703 | J193: 0.783703 | L193: clean
B194: ATOWOW | C194: Zn | D194: 0.865497 | E194: 7.73922 | F194: 9.60387 | G194: 1606.47 | H194: 1856.12 | I194: 0.676269 | J194: 0.783737 | L194: clean
B195: ATOXEN | C195: Zn | D195: 1.32471 | E195: 3.64611 | F195: 4.55968 | G195: 0 | H195: 0 | I195: 0.271887 | J195: 0.358217 | L195: clean
B196: AVAQIX | C196: Cd | D196: 1.30707 | E196: 3.64311 | F196: 5.44587 | G196: 0 | H196: 0 | I196: 0.497364 | J196: 0.418423 | L196: clean
B197: AVELOD | C197: Cu | D197: 0.915242 | E197: 4.98141 | F197: 8.08398 | G197: 1505.4 | H197: 1644.81 | I197: 0.538721 | J197: 0.66824 | L197: clean
B198: AVELUJ | C198: Ni | D198: 0.902679 | E198: 4.88927 | F198: 8.10638 | G198: 1497.37 | H198: 1658.81 | I198: 0.536044 | J198: 0.674079 | L198: clean
B199: AVEMAQ | C199: Ni | D199: 0.907269 | E199: 4.97897 | F199: 7.89565 | G199: 1502.59 | H199: 1656.17 | I199: 0.51425 | J199: 0.669532 | L199: clean
B200: AVEMOE | C200: Ag | D200: 2.16979 | E200: 2.93434 | F200: 3.54418 | G200: 0 | H200: 0 | I200: 0.238115 | J200: 0.203891 | L200: clean
B201: AVEROJ | C201: Cd | D201: 1.69759 | E201: 6.8144 | F201: 7.02712 | G201: 1385.29 | H201: 816.036 | I201: 0.543574 | J201: 0.351159 | L201: clean
B202: AVESAW | C202: Cd | D202: 2.03317 | E202: 2.46317 | F202: 4.33245 | G202: 0 | H202: 0 | I202: 0.188827 | J202: 0.222608 | L202: clean
B203: AVIMOI | C203: Zn | D203: 1.22616 | E203: 4.38571 | F203: 5.73292 | G203: 861.324 | H203: 702.459 | I203: 0.451261 | J203: 0.426989 | L203: clean
B204: AVIMUO | C204: Mn | D204: 1.24095 | E204: 3.6399 | F204: 5.70679 | G204: 0 | H204: 0 | I204: 0.396025 | J204: 0.394024 | L204: clean
... B222: AXOHIE | C222: Cd | D222: 1.29178 | E222: 3.08506 | F222: 5.69113 | G222: 0 | H222: 0 | I222: 0.245023 | J222: 0.362664 | L222: clean
B223: AXUBAW | C223: Zn | D223: 0.741721 | E223: 5.52422 | F223: 14.24572 | G223: 1661.91 | H223: 2240.61 | I223: 0.66926 | J223: 0.964057 | K223: hydrogenation | L223: manual
B224: AXUBOL | C224: Ni | D224: 1.05112 | E224: 4.2994 | F224: 7.86111 | G224: 916.457 | H224: 871.889 | I224: 0.595732 | J224: 0.572534 | L224: clean
B225: AXUHAD | C225: Co | D225: 0.792408 | E225: 4.94321 | F225: 9.91084 | G225: 1455.06 | H225: 1836.25 | I225: 0.571322 | J225: 0.799753 | L225: clean
B226: AXUHEH | C226: Co, Na | D226: 1.06453 | E226: 5.63203 | F226: 7.21454 | G226: 878.419 | H226: 825.172 | I226: 0.35063 | J226: 0.473997 | L226: clean
B227: AXUHIL | C227: Cd | D227: 1.22986 | E227: 3.3542 | F227: 5.52712 | G227: 0 | H227: 0 | I227: 0.315833 | J227: 0.404156 | L227: clean
B228: AYUWUM | C228: Na | D228: 1.25983 | E228: 3.13863 | F228: 4.54144 | G228: 0 | H228: 0 | I228: 0.273935 | J228: 0.344261 | L228: clean
B229: AZILEA | C229: Pr | D229: 1.78477 | E229: 2.70328 | F229: 4.19485 | G229: 0 | H229: 0 | I229: 0.204862 | J229: 0.259787 | L229: clean
B230: AZIXUD | C230: Zn | D230: 1.10463 | E230: 4.88169 | F230: 5.99991 | G230: 1545.87 | H230: 1399.44 | I230: 0.604526 | J230: 0.559146 | L230: clean
B231: AZOBUN | C231: Co, Gd | D231: 1.71622 | E231: 2.56684 | F231: 3.38723 | G231: 0 | H231: 0 | I231: 0.099559 | J231: 0.216856 | L231: clean
B232: BACMOH | C232: Cu | D232: 1.46145 | E232: 3.18379 | F232: 3.65898 | G232: 0 | H232: 0 | I232: 0.221853 | J232: 0.319496 | L232: clean
B233: BACMOH10 | C233: Cu | D233: 1.51372 | E233: 3.22689 | F233: 3.81346 | G233: 0 | H233: 0 | I233: 0.219918 | J233: 0.290947 | L233: clean
B234: BAEDTA01 | C234: Ba | D234: 2.14248 | E234: 4.27166 | F234: 5.34617 | G234: 253.662 | H234: 118.396 | I234: 0.214029 | J234: 0.179457 | L234: clean
B235: BAHGUN | C235: Cu | D235: 1.49375 | E235: 3.22631 | F235: 4.22558 | G235: 0 | H235: 0 | I235: 0.27439 | J235: 0.280827 | L235: clean
... B241: BAKGAX | C241: Co | D241: 1.71407 | E241: 3.05498 | F241: 4.24107 | G241: 0 | H241: 0 | I241: 0.326231 | J241: 0.260599 | L241: clean
B242: BAKGIF | C242: Ni | D242: 1.01674 | E242: 6.30914 | F242: 7.54763 | G242: 1325.3 | H242: 1303.48 | I242: 0.540307 | J242: 0.597565 | K242: removed duplicates | L242: manual
B243: BAKJEE | C243: Co | D243: 0.918977 | E243: 5.41267 | F243: 6.44764 | G243: 1963.28 | H243: 2136.38 | I243: 0.670721 | J243: 0.68833 | L243: clean
B244: BAKJII | C244: Co | D244: 0.959339 | E244: 5.21845 | F244: 6.19215 | G244: 1583.52 | H244: 1650.64 | I244: 0.657961 | J244: 0.647718 | L244: clean
B245: BAKJOO | C245: Co | D245: 1.0049 | E245: 5.72948 | F245: 7.70901 | G245: 1557.59 | H245: 1550.01 | I245: 0.608193 | J245: 0.592084 | L245: clean
B246: BAKLIK | C246: Mn | D246: 1.20504 | E246: 2.89089 | F246: 6.44441 | G246: 0 | H246: 0 | I246: 0.12566 | J246: 0.366716 | L246: clean
B247: BALMUW | C247: Ba | D247: 3.31598 | E247: 2.60913 | F247: 3.18622 | G247: 0 | H247: 0 | I247: 0.0998056 | J247: 0.0756119 | L247: clean
B248: BALMUW01 | C248: Ba | D248: 3.38861 | E248: 2.73038 | F248: 3.22163 | G248: 0 | H248: 0 | I248: 0.0968744 | J248: 0.0718252 | L248: clean
B249: BANMAG | C249: Co, Nd | D249: 1.37401 | E249: 7.43932 | F249: 8.68497 | G249: 981.211 | H249: 714.122 | I249: 0.39086 | J249: 0.415097 | L249: clean
B250: BARZAW | C250: Zn | D250: 1.4812 | E250: 2.55685 | F250: 7.73837 | G250: 0 | H250: 0 | I250: 0.209378 | J250: 0.264725 | L250: clean
...

Sheet Table_S2
B1: Table S2: Top performing MOFs for methane uptake (volSTP vol-1) predicted from GCMC simulation. Common names, pore volumes, experimental surface areas, and activation conditions are listed if the data is available.
B2: GSA (calc), and VSA (calc) from zeo++ with probe radius = 1.55 Å for the structures are listed as well.
B4: CSD REF. CODE | C4: Uptake | D4: Helium void | E4: Common Name | F4: Surf. Area (exp) | G4: Type | H4: Activation | I4: publication DOI
B5: ADASOP | C5: 242.08868 | D5: 0.837 | E5: rht-MOF-4b | I5: 10.1002/anie.201201202
B6: ALAMUW | C6: 240.38029 | D6: 0.82677 | E6: SNU-50' | F6: 2450 m2/g | G6: Langmuir | H6: heating at 60 oC for 24 hours and 170 oC for 4 hours | I6: 10.1002/chem.201002135
B7: AMODUC | C7: 244.98394 | D7: 0.845 | E7: Tb(Lh) | H7: DMSO solvents were remolved by gradually increasing T up to 250°C | I7: 10.1039/c0ce00750a
B8: AMOFAK | C8: 243.02747 | D8: 0.834 | E8: Tb(Lh) catenated | I8: 10.1039/c0ce00750a
B9: ANUGIA | C9: 246.63903 | D9: 0.847 | E9: UMCM-152 | F9: 3480 m2/g | G9: BET | H9: DMF, vacuum 4h and further dried 100°C 18h | I9: 10.1021/ja107423k
B10: ANUGOG | C10: 253.56943 | D10: 0.834 | E10: UMCM-153 | F10: 3730/ 3370 m2/g | G10: Langmuir/BET | H10: DMF, vacuum 4h and further dried 100°C 18h | I10: 10.1021/ja107423k
B11: ANUGUM | C11: 251.57762 | D11: 0.81 | E11: UMCM-154 | H11: DMF, vacuum 6h | I11: 10.1021/ja107423k
B12: BEPRIZ | C12: 241.1241 | D12: 0.735816 | E12: MOF-18(L,M) | F12: - | G12: - | H12: nonporous | I12: 10.1039/C3SC22222E
B13: BEXPAX | C13: 261.62996 | D13: 0.772688 | E13: Ni(H2diol)(DMF)2 | F13: 733 m2/g | G13: BET | H13: vacuum overnight at 3 x 10-6 bar then heated to 50 oC at 3 x 10-6 bar for 4 hours | I13: 10.1039/C3DT00096F
B14: BEXVEH | C14: 245.53366 | D14: 0.795368 | F14: 232 m2/g | G14: BET | H14: dried under high vacuum for 24 hours at 100 oC | I14: 10.1039/C3CE27006H
B15: BICDAU | C15: 240.16718 | D15: 0.837999 | E15: - | F15: - | G15: - | H15: - | I15: 10.1107/S0108270113005143
B16: BICPUA | C16: 242.38649 | D16: 0.88351 | E16: - | F16: - | G16: - | H16: - | I16: 10.1107/S0108270113005143
B17: CAJQEL | C17: 246.91497 | D17: 0.793 | E17: tbo-MOF-2 | F17: 2896 m2/g | G17: Langmuir estimate | H17: exchanging the guest molecules in 1 and 2 with CH3CN and chloroform, respectively for 5 days | I17: 10.1021/ja205658j
B18: CAXSUR | C18: 240.16695 | D18: 0.76 | E18: CAU-3-NDC | F18: 2750/ 2320 m2/g | G18: Langmuir/BET | H18: vacuum (10^-2 mbar) at 160°C for 12 h | I18: 10.1039/C2DT12005D
B19: CAZNUO | C19: 240.6484 | D19: 0.749 | E19: [Co3(OH)(L)(tpt)·H2NMe2] | I19: 10.1039/c2cc35399g
B20: CEKHIL | C20: 240.01027 | D20: 0.816988 | E20: - | F20: 106 m2/g | G20: BET | H20: - | I20: 10.1039/c2ce26109j
B21: DAKVOC | C21: 241.99653 | D21: 0.77279 | E21: - | F21: - | G21: - | H21: - | I21: 10.1021/cg200919m
B22: DIDDOK | C22: 241.58468 | D22: 0.827 | E22: Zn-obta | I22: 10.1016/j.jorganchem.2006.07.048
B23: EMIFOW | C23: 240.06205 | D23: 0.797 | E23: SCIF-1 | I23: 10.1002/anie.201006531
B24: EPISOM | C24: 246.11277 | D24: 0.812 | E24: NOTT-140 | F24: 2620 m2/g | G24: BET | H24: soaking the crystals in acetone for 3 days followed by heating at 100 °C under vacuum for 1 day | I24: 10.1039/c1cc10378d
B25: EPOTAF | C25: 245.68288 | D25: 0.814 | E25: SNU-21 | F25: 905 m2/g | G25: Langmuir | H25: supercritical CO2 exchange - also discuss a heating method to 180°C | I25: 10.1039/c0cc05199c
B26: FAYKOH | C26: 249.21154 | D26: 0.789 | E26: (In2X)·(Me2NH2)2 | F26: 817/ 98 m2/g | G26: Langmuir/BET | H26: solvent-exchanged samples (MeOH for 3 days and then CH2Cl2 for a further 3 days) were pretreated at 353 K for 12 h under vacuum | I26: 10.1002/chem.201200137
B27: GAHWIX | C27: 242.61464 | D27: 0.817625 | E27: - | F27: - | G27: - | H27: - | I27: 10.1039/c0nj00272k
B28: GIKPIB | C28: 246.18383 | D28: 0.744302 | E28: - | F28: - | G28: - | H28: - | I28: 10.1107/S0108270113005143
B29: HAFQOW | C29: 266.8766 | D29: 0.736 | E29: MIL-53 (Al) | F29: - | G29: - | I29: 10.1021/ja204548d
B30: HIHNUJ | C30: 252.8259 | D30: 0.830471 | E30: InOF-2 | F30: 867 m2/g | G30: BET | H30: varies | I30: 10.1039/C3TA11548H
B31: HOGJIX | C31: 242.73821 | D31: 0.785 | E31: [{Zn2(abtc)(dmf)2}3] | F31: 1460 m2/g | G31: Langmuir | H31: heating at 100°C under vacuum for 18h | I31: 10.1002/anie.200801488
B32: HOGLEV01 | C32: 242.36047 | D32: 0.75 | E32: PCN-12 | I32: 10.1002/anie.200802087
B33: HOMZEP | C33: 252.22559 | D33: 0.709 | E33: MIL-96 (Ga) | F33: - | G33: - | H33: - | I33: 10.1016/j.micromeso.2007.05.018
B34: ICALOP | C34: 254.74076 | D34: 0.816 | E34: [Me2NH][In(mdip)] | I34: 10.1039/c1ce05751k
B35: IMUTUG | C35: 247.27208 | D35: 0.775 | E35: CPM-5 | F35: 733/ 580 m2/g | G35: Langmuir/BET | H35: directly degassed at 230 °C for 48 h under vacuum | I35: 10.1021/ja106903p
B36: KACZEV | C36: 247.20989 | D36: 0.812 | E36: (In3O)(OH)(ADC)2(IN)2 | F36: 1857/ 1496 m2/g | G36: Langmuir/BET | I36: 10.1039/c0cc02808h
B37: KACZIZ | C37: 243.48167 | D37: 0.794 | E37: (In3O)(OH)(ADC)2(NH2IN)2 | F37: 2106 / 1716 m2/g | G37: Langmuir/BET | I37: 10.1039/c0cc02808h
B38: KARLUM | C38: 245.42281 | D38: 0.766 | E38: MCF-19-IIIb | F38: 2706/ 2610 m2/g | G38: Langmuir/BET | H38: DCM for 3–5 days, during which DCM was refreshed 3x/day | I38: 10.1038/ncomms1654
B39: KARMAT | C39: 241.3511 | D39: 0.801 | E39: MCF-19-IIIc | F39: 2841/ 2738 m2/g | G39: Langmuir/BET | H39: DCM for 3–5 days, during which DCM was refreshed 3x/day | I39: 10.1038/ncomms1654
B40: KEFBEE | C40: 240.2275 | D40: 0.816 | E40: IZE-1 | I40: 10.1021/ic202085j
B41: KUJNEJ | C41: 245.63391 | D41: 0.77 | E41: MCF-19 | F41: 2667/2316 m2/g | G41: Langmuir/BET | H41: degassed under high vacuum at 90°C | I41: 10.1002/anie.200901964
B42: MOCKAR | C42: 249.00136 | D42: 0.83 | E42: PCN-11 | F42: 2242/ 1931 m2/g | G42: Langmuir/BET | H42: outgassed under vacuum overnight at room temperature, followed by heating at 120 °C for at least 4 h | I42: 10.1021/cm800403d
B43: NOFHOG | C43: 240.3459 | D43: 0.738246 | E43: - | F43: - | G43: - | H43: - | I43: 10.1021/ic800394g
B44: OXALUV | C44: 249.87653 | D44: 0.765 | E44: In2X(OH)2 | I44: 10.1021/ic1019229
B45: PEYVEV | C45: 249.06476 | D45: 0.729 | E45: MIL-96 | I45: 10.1016/j.materresbull.2006.01.022
B46: QUQPOI | C46: 240.13741 | D46: 0.664 | E46: [Zn(TCNQ)(bpe)] | I46: 10.1021/cg100568a
B47: QUSBIP | C47: 241.6478 | D47: 0.82 | E47: MODF-1 | F47: 740 m2/g | G47: BET | H47: washing with a mixture of DMA and EtOH, and drying briefly in air | I47: 10.1021/ja011692+
B48: RAYMIP | C48: 257.95086 | D48: 0.891 | E48: JUC-101 | F48: 3742 m2/g | G48: BET | H48: soaked in dye solution in DMF for two days; activated crystal collapses but unactivated crystal is stable | I48: 10.1039/c2cc32347h
B49: REGYOT | C49: 240.47875 | D49: 0.822 | E49: (Et2NH2)3[(Cu4Cl)3(TTCA)8] | F49: 1680 m2/g | G49: BET | I49: 10.1039/c2cc35461f
B50: SICZIP | C50: 242.6585 | D50: 0.789565 | E50: - | F50: - | G50: - | H50: - | I50: 10.1107/S0108270113005143
B51: SIZPUN | C51: 243.13746 | D51: 0.834 | E51: [Zn24(L)8(H2O)24]n | F51: nonporous after desolvation | H51: solvent exchange with methanol | I51: 10.1039/B801103F
B52: SUKYON | C52: 266.69339 | D52: 0.846 | E52: Cu1(L^2) | F52: 874(1127); 791(1020) m2/g | G52: Langmuir/BET | H52: 60 oC activation overnight; or freeze-dry method (see text) | I52: 10.1002/anie.200904983
B53: TOHSAL | C53: 244.94596 | D53: 0.8 | E53: meso-[LCu2(H2O)2] | F53: 540 m2/g | G53: BET | H53: DMF, 60°C under vacuum | I53: 10.1021/ja804944r
B54: UTEWOG | C54: 251.66871 | D54: 0.8 | E54: Ni3(BTP)2 | F54: 1650/ 1900 m2/g | G54: Langmuir/BET | H54: DMF, vacuum 250°C 2 d | I54: 10.1039/C1SC00136A
B55: UTEWUM | C55: 247.32804 | D55: 0.802 | E55: Cu3(BTP)2 | F55: 1860/2159 m2/g | G55: Langmuir/BET | H55: DMF, vacuum 250°C 2 d | I55: 10.1039/C1SC00136A
B56: VACFOV | C56: 247.59609 | D56: 0.704 | E56: QMOF-2 | F56: 190 m2/g | G56: BET | H56: loses 25% weight at 100°C, 27.5% weight at 270°C | I56: 10.1002/1521-3773(20021202)… 41:23<4471::AID-ANIE4471>3.0.CO;2-9
B57: VACFOV01 | C57: 253.54927 | D57: 0.717418 | E57: Indium(III)-dicarboxylic MOF | F57: 224 m2/g | G57: BET | H57: - | I57: 10.1039/C3DT50822F
B58: WAQDOJ | C58: 241.86791 | D58: 0.723 | E58: CPF-3 | F58: 685/ 490 m2/g | G58: Langmuir/BET | H58: degassed at 100 °C under vacuum for 12 h | I58: 10.1039/c2dt12215d
B59: WEBKIZ | C59: 255.02846 | D59: 0.786 | E59: CPM-26-Co | I59: 10.1021/ja305181y
B60: WEBKOF | C60: 249.2704 | D60: 0.782 | E60: CPM-26-Zn | I60: 10.1021/ja305181y
B61: WEHHEY | C61: 240.49797 | D61: 0.772 | E61: compound 1·DMSO in ref. | F61: 1002/ 870 m2/g | G61: Langmuir /BET | H61: solvent-exchange with DCM for 24h then drying under dynamic vacuum overnight | I61: 10.1021/ic202635a
B62: WEHHIC | C62: 240.23422 | D62: 0.777 | E62: compound 1·DMF in ref. | I62: 10.1021/ic202635a
B63: WEHHOI | C63: 243.10705 | D63: 0.774 | E63: compound 1·DMA in ref. | I63: 10.1021/ic202635a
B64: WEHHUO | C64: 242.25104 | D64: 0.775 | E64: compound 1·EtOH in ref. | I64: 10.1021/ic202635a
B65: WEHJEA | C65: 240.15006 | D65: 0.792 | E65: compound 2 (DMA) in ref. | I65: 10.1021/ic202635a
B66: WEHJIE | C66: 243.99728 | D66: 0.766 | E66: compound 3 (DEA) in ref. | I66: 10.1021/ic202635a
B67: WEHJOK | C67: 246.42848 | D67: 0.79 | E67: compound 4 (DMP) in ref. | I67: 10.1021/ic202635a
B68: XALMOO | C68: 241.34137 | D68: 0.857 | E68: PCN-121 | F68: 2618; 1839 m2/g | G68: Langmuir/BET | H68: solvate evacuation at 60° C for 10 h under reduced pressure | I68: 10.1039/c1cc16261f
B69: XALROT | C69: 251.2573 | D69: 0.731 | E69: (Me2NH2)In(NH2BDC)2 | F69: 573/ 633 m2/g | G69: Langmuir/BET | H69: DMF+H2O, vacuum 80°C | I69: 10.1039/c2cc16923a
B70: YEYCUC | C70: 251.47515 | D70: 0.778248 | E70: PCN-57 | F70: 2572 m2/g | G70: BET | H70: dried using "outgas" function of surface analyzer for 12 hr at 160 oC | I70: 10.1021/ja3063919
B71: ZIKJIO | C71: 248.52927 | D71: 0.74339 | F71: 469 m2/g | G71: BET | H71: drying under a dynamic vacuum at room temperature overnight | I71: 10.1039/C3CE41095A
B72: ZILFOR | C72: 243.02906 | D72: 0.809065 | E72: IFMC-16 | F72: 2460 m2/g | G72: BET | I72: 10.1039/C3TA12662E

Sheet Table_S3
B1: Table S3: Top performing MOFs for methane deliverables (volSTP vol-1)predicted from GCMC simulation. Common names, experimental surface areas, and activation conditions are listed if the data is available.
B2: GSA (calc), and VSA (calc) from zeo++ with probe radius = 1.55 Å for the structures are listed as well.
B4: CSD REF. CODE | C4: 65 - 5.8 bar | D4: common name | E4: Surf. Area (exp) | F4: Type | G4: GSA (calc) | H4: VSA (calc) | I4: Activation | J4: publication DOI
B5: RAYMIP | C5: 199.775 | D5: JUC-101 | E5: 3742 m2/g | F5: BET | G5: 4101.42 | H5: 2062.19 | I5: soaked in dye solution in DMF for two days;activated crystal collapses but unactivated crystal is stable | J5: 10.1039/c2cc32347h
B6: XALMOO | C6: 194.084 | D6: PCN-121 | E6: 2618; 1839 m2/g | F6: Langmuir/BET | G6: 4614.19 | H6: 2091.17 | I6: solvate evacuation at 60 oC for 10 h under reduced pressure | J6: 10.1039/c1cc16261f
B7: RAYMOV | C7: 192.489 | D7: JUC-102 | E7: - | F7: - | G7: 4874.97 | H7: 2067.02 | I7: amorphous | J7: 10.1039/c2cc32347h
B8: ICAQIO | C8: 191.357 | D8: DUT-23 | E8: 4340 m2/g | F8: BET | G8: 4733.24 | H8: 1909.81 | I8: supercritical drying & DMF with exchange with ethanol performed 3 times over 2 days | J8: 10.1002/chem.201101383
B9: ICAROV | C9: 189.11 | D9: DUT-23-Ni | E9: - | F9: - | G9: 4646.92 | H9: 1889.07 | I9: no further characterization due to phase impurity | J9: 10.1002/chem.201101383
B10: VUSKEA | C10: 188.718 | D10: IRMOF-1 | E10: 4140 m2/g | F10: BET | G10: 3590.01 | H10: 2134.89 | I10: under vacuum for 24 hrs at room temperature , or heat up to 120 oC | J10: 10.1126/science.1181761
B11: ANUGIA | C11: 188.505 | D11: UMCM-152 | E11: 3480 m2/g | F11: BET | G11: 3761.99 | H11: 2136.71 | I11: under vacuum for 4 h and further drided at 100 oC for 18 h | J11: 10.1021/ja107423k
B12: UNIGEE | C12: 188.395 | D12: IRMOF-1 | E12: - | F12: - | G12: 3576.19 | H12: 2165.55 | I12: - | J12: 10.1021/ja1074322
B13: ICAQOU | C13: 188.065 | D13: DUT-23-Cu | E13: 4730 m2/g | F13: BET | G13: 4545.48 | H13: 1878.63 | I13: supercritical drying & DMF with exchange with ethanol performed 3 times over 2 days | J13: 10.1002/chem.201101383
B14: VUSKAW | C14: 188.015 | D14: IRMOF-1 | E14: - | F14: - | G14: 3625.3 | H14: 2155.88 | I14: - | J14: 10.1126/science.1181761
B15: ANUGOG | C15: 188.011 | D15: UMCM-153 | E15: 3370 m2/g | F15: BET | G15: 4043.41 | H15: 2364.06 | I15: under vacuum for 4 h and further drided at 100 oC for 18 h | J15: 10.1021/ja107423k
B16: SAHYOQ05 | C16: 187.832 | D16: IRMOF-1 | E16: - | F16: - | G16: 3716.44 | H16: 2191.62 | I16: - | J16: 10.1039/b511941c
... B28: LURRIA | C28: 185.237 | D28: NOTT-116 | E28: 4664 m2/g | F28: BET | G28: 4585.5 | H28: 1864.2 | I28: 100 oC under high valume (<0.1 millitorr) for 12 h | J28: 10.1021/ja1001407
B29: FEFDEB | C29: 185.104 | D29: BMOF-1-bpdc | E29: 185 m2/g | F29: BET | G29: 3547.15 | H29: 1912.91 | J29: 10.1021/ic202683s
B30: SAHYOQ | C30: 184.909 | D30: IRMOF-1 | E30: - | F30: - | G30: 3729.22 | H30: 2196.85 | I30: - | J30: 10.1038/46248
B31: LAWGUM | C31: 184.754 | D31: IRMOF-1 | E31: - | F31: - | G31: 3732.76 | H31: 2197.88 | I31: - | J31: 10.1126/science.1113247
B32: VAGMIB01 | C32: 184.707 | D32: SNU-31 SC | E32: 308 m2/g | F32: BET | G32: 4732.52 | H32: 2172.68 | J32: 10.1002/chem.201001549
B33: LAWGIA | C33: 184.643 | D33: IRMOF-1 | E33: - | F33: - | G33: 3723.04 | H33: 2198.78 | I33: - | J33: 10.1126/science.1113247
B34: AMODUC | C34: 184.517 | D34: Tb(Lh) | E34: - | F34: - | G34: 5029.94 | H34: 2895.91 | I34: DMSO solvents were remolved by gradually increasing T upto 250 oC | J34: 10.1039/c0ce00750a
B35: OHUKIM | C35: 184.26 | D35: Be-BTB | E35: 4030 m2/g | F35: BET | G35: 4642.13 | H35: 1965.11 | J35: 10.1021/ja9072707
B36: ICAREL | C36: 183.9089 | D36: DUT-33-Cu | E36: - | F36: - | G36: 3165.21 | H36: 1952.11 | I36: this structure is obtained very small amount | J36: 10.1002/chem.201101383
B37: NAYZOE | C37: 183.847 | D37: Cu-TCA | E37: - | F37: - | G37: 4639.93 | H37: 2314.94 | I37: - | J37: 10.1002/adfm.201102157
B38: HIFTOG01 | C38: 183.783 | D38: IRMOF-1 | E38: - | F38: - | G38: 1136.14 | H38: 1315.57 | I38: - | J38: 10.1021/ja0675447
B39: SUKYON | C39: 183.673 | D39: Cu1(L^2) | E39: 874(1127); 791(1020) m2/g | F39: Langmuir/BET (freeze-dried) | G39: 5129.63 | H39: 2700.85 | I39: 60 oC activation overnight; or freeze-dry method (see text) | J39: 10.1002/anie.200904983
B40: EFAYIU | C40: 183.539 | D40: Zn2(O2CR)4 | E40: - | F40: - | G40: 5118.71 | H40: 2219.37 | I40: possible pore block | J40: 10.1021/ic8003855
B41: CAVPIA | C41: 183.056 | D41: SUMOF-1-Cu | E41: - | F41: - | G41: 4654.13 | H41: 1936.81 | I41: dried at 100 oC overnight | J41: 10.1039/c2dt12088g
B42: SAHYOQ04 | C42: 182.931 | D42: IRMOF-1 | E42: - | F42: - | G42: 3707.09 | H42: 2185.38 | I42: - | J42: 10.1039/b511941c
B43: ALUKIC | C43: 182.877 | D43: Ce | E43: - | F43: - | G43: 5132.12 | H43: 2909.5 | I43: - | J43: 10.1021/ic902194g
B44: VAGMIB | C44: 182.78 | D44: SNU-31 SC | E44: 308 m2/g | F44: BET | G44: 4684.21 | H44: 2170.57 | J44: 10.1002/chem.201001549
B45: YUGZIK | C45: 182.778 | D45: PPF-25 | E45: - | F45: - | G45: 2177.71 | H45: 4852.76 | I45: - | J45: 10.1021/ic9009916
B46: ACUFEK | C46: 182.684 | D46: Cu3(TATB)2 catenated | E46: 3800 m2/g | F46: Langmuir | G46: 3884.75 | H46: 2173.25 | I46: - | J46: 10.1021/ja058777l
B47: ALUKUO | C47: 182.217 | D47: - | E47: - | F47: - | G47: 5070.79 | H47: 2953.29 | I47: - | J47: 10.1021/ic902194g
B48: CAVPUM | C48: 182.188 | D48: SUMOF-1-Zn | E48: - | F48: - | G48: 4698.06 | H48: 1914.25 | I48: dried at 100 oC overnight | J48: 10.1039/c2dt12088g
B49: AMOFAK | C49: 181.96925 | D49: Tb(Lh) catenated | E49: - | F49: - | G49: 5106.75 | H49: 2948.04 | I49: - | J49: 10.1039/c0ce00750a
B50: ALULAV | C50: 181.92 | D50: Gd | E50: - | F50: - | G50: 5000.83 | H50: 2955.03 | I50: - | J50: 10.1021/ic902194g
B51: BAZFUF | C51: 181.914 | D51: MOF-143 | E51: - | F51: - | G51: 5469.55 | H51: 1859.94 | J51: 10.1021/ic201376t
B52: LELDUD | C52: 181.871 | D52: PCN-81 | E52: - | F52: - | G52: 4309.49 | H52: 1974.29 | I52: - | J52: 10.1039/c2dt32479b
B53: IYOWID | C53: 181.57247 | D53: FJI-1 | E53: 4043; 4624 m2/g | F53: BET/Langmuir | G53: 4660.72 | H53: 1887.91 | J53: 10.1039/c1cc12858b
B54: ANUGEW | C54: 181.431 | D54: UMCM-151 | E54: - | F54: - | G54: 4588.75 | H54: 2034.97 | I54: dried under vacuum at room temperature for 4 h | J54: 10.1021/ja107423k
B55: RUVKAV | C55: 181.251 | D55: MOF-505 | E55: 3111; 2357 m2/g | F55: Langmuir/BET | G55: 3571.17 | H55: 2148.72 | J55: 10.1021/cg100046j
B56: ALUKOI | C56: 180.93829 | D56: Sm | E56: - | F56: - | G56: 5031.53 | H56: 2917.98 | I56: - | J56: 10.1021/ic902194g
B57: DIDDOK | C57: 180.89785 | D57: Zn-obta | E57: - | F57: - | G57: 4639.46 | H57: 2439.62 | I57: - | J57: 10.1016/j.jorganchem.2006.07.048
B58: CAVPEW | C58: 180.55861 | D58: SUMOF-1-Co | E58: - | F58: - | G58: 4739.37 | H58: 1908.5 | I58: drived at 100 oC overnight | J58: 10.1039/c2dt12088g
B59: VAGMOH | C59: 180.41332 | D59: SNU-31 SC | E59: 308 m2/g | F59: BET | G59: 4666.7 | H59: 2308.2 | J59: 10.1002/chem.201001549

Sheet Table_S4
B1: Table S4. 20 most Common ionic species in CoRE MOF database
B3: Ions | C3: frequency
B4: ClO4 | C4: 92
B5: NO3 | C5: 57
B6: C2H8N | C6: 42
B7: Cl | C7: 34
B8: BF4 | C8: 23
B9: H4N | C9: 19
B10: C4H12N | C10: 17
B11: CF3O3S | C11: 16
B12: F6P | C12: 14
B13: C2H6N | C13: 10
B14: C2H10N2 | C14: 7
B15: Br | C15: 6
... B143: H12MgO6 | C143: 1

Sheet Table_S5
B1: Table S5. 20 most Common bound solvents from CoRE MOF Database. Table shows that many of coordinated solvents are water related, but some include bulky solvent molecules such as DMF and pyridine.
B2: Our bound solvent removal algorithm only removes solvents if the bridging atom is oxygen, and is not hydroxyl.
B4: Stoichiometry of bound solvents | C4: # | D4: Bridging Atom | E4: Solvent Name
B5: O | C5: 987 | D5: O | E5: Water residue
B6: H2O | C6: 877 | D6: O | E6: Water
B7: C3H7NO | C7: 344 | D7: O | E7: Dimethylformamide (DMF)
B8: Cl | C8: 61 | D8: Cl | E8: Chlorine
B9: CN | C9: 57 | D9: N | E9: Cyanide
B10: C3H6NO | C10: 45 | D10: O | E10: DMF (missing 1 hydrogen)
B11: I | C11: 44 | D11: I | E11: Iodine
B12: C5H11NO | C12: 37 | D12: O | E12: N-Ethylpropanoamide
B13: C5H5N | C13: 30 | D13: N | E13: Pyridine
B14: C4H9NO | C14: 30 | D14: O | E14: Butanamide
B15: OH | C15: 29 | D15: O | E15: Hydroxyl
B16: C3NO | C16: 29 | D16: O | E16: DMF (without hydrogen)
... B24: C2H5O | C24: 15 | D24: O | E24: Ethoxide ion

Sheet Table_S6
B1: Table S6. 30 most Common Metals from CoRE MOF database. Metals present in hypothetical MOF database are highlighted in blue.
B3: Type of Metals | C3: Frequency
B4: Zn | C4: 907
B5: Cu | C5: 633
B6: Cd | C6: 447
B7: Co | C7: 411
B8: Mn | C8: 236
B9: Ni | C9: 156
B10: Ag | C10: 119
B11: Eu | C11: 108
B12: Nd | C12: 93
B13: Fe | C13: 91
B14: Gd | C14: 83
B15: La | C15: 81
... B33: Cu,La | C33: 20

Sheet Table_S7
B1: Table S7. Summary of the space group of structures in CoRE MOF Database (as reported by CSD)
B3: Space group | C3: Frequency
B4: 14 | C4: 843
B5: 15 | C5: 709
B6: 2 | C6: 609
B7: 148 | C7: 159
B8: 225 | C8: 145
B9: 19 | C9: 138
B10: 88 | C10: 126
B11: 1 | C11: 122
B12: 61 | C12: 109
B13: 9 | C13: 79
B14: 33 | C14: 73
B15: 4 | C15: 68
... B193: 222 | C193: 1

Sheet Table_S8
B1: Table S8. Lennard-Jones Parameters used for framework atoms.
B3: Atom Name | C3: ε/kB [K] | D3: σ [Å]
B4: Ac | C4: 16.6 | D4: 3.1
B5: Ag | C5: 18.11 | D5: 2.8
B6: Al | C6: 254.09 | D6: 4.01
B7: Am | C7: 7.04 | D7: 3.01
B8: Ar | C8: 93.08 | D8: 3.45
B9: As | C9: 155.47 | D9: 3.77
B10: At | C10: 142.89 | D10: 4.23
B11: Au | C11: 19.62 | D11: 2.93
B12: B | C12: 90.57 | D12: 3.64
B13: Ba | C13: 183.15 | D13: 3.3
B14: Be | C14: 42.77 | D14: 2.45
B15: Bi | C15: 260.63 | D15: 3.89
... B106: Zr | C106: 34.72 | D106: 2.78

Sheet Table_S9
B1: Table S9. List of MIL-53(Al) structures used for GCMC simulations and their physical characteristics characteristics.
B3: CSD REF. CODE | C3: Presence of Guest Molecule in cif file | D3: Guest Molecule | E3: Calculated Pore Volume (Å3) | F3: Experimental lattice constants (Å) (a x b x c) | G3: Unit Cell Volume (Å3) | H3: Methane Uptake at 65 bar (volSTP vol-1) | I3: Helium Void fraction | J3: PLD (Å)
B4: HAFQOW | C4: Yes | D4: BDTA | E4: 898 | F4: 6.602 x 15.954 x 6.602 | G4: 1462 | H4: 267 | I4: 0.733 | J4: 6.95
B5: EHALOP | C5: Yes | D5: o-xylene | E5: 898 | F5: 6.631 x 15.947 x 13.921 | G5: 1472 | H5: 265 | I5: 0.717 | J5: 7.12
B6: EGELUY | C6: Yes | D6: p-xylene | E6: 883 | F6: 6.635 x 13.494 x 16.243 | G6: 1454 | H6: 258 | I6: 0.715 | J6: 6.87
B7: EGELUY01 | C7: Yes | D7: p-xylene | E7: 922 | F7: 6.622 x 16.215 x 13.589 | G7: 1459 | H7: 256 | I7: 0.711 | J7: 7.06
B8: WAYMIU | C8: Yes | D8: 1,1’-diformylferrocene0.5 | E8: 832 | F8: 6.560 x 15.985 x 13.444 | G8: 1409 | H8: 255 | I8: 0.72 | J8: 6.91
B9: EGELOS | C9: Yes | D9: ortho-cymene | E9: 917 | F9: 6.634 x 16.288 x 13.491 | G9: 1457 | H9: 255 | I9: 0.708 | J9: 7.01
B10: QONQEQ | C10: Yes | D10: ferrocenealdehyde | E10: 921 | F10: 6.654 x 16.448 x 13.375 | G10: 1463 | H10: 252 | I10: 0.704 | J10: 7.01
B11: SABVUN | C11: No | D11: - | E11: 872 | F11: 6.609 x 16.675 x 12.813 | G11: 1411 | H11: 239 | I11: 0.695 | J11: 6.8
B12: WAYMOA | C12: Yes | D12: cyclopentadienyl rings | E12: 901 | F12: 6.672 x 16.936 x 12.807 | G12: 1447 | H12: 233 | I12: 0.686 | J12: 6.89
B13: WAYMEQ | C13: Yes | D13: 1,1’-dimetnylferrocene0.33 | E13: 832 | F13: 6.613 x 16.781 x 12.714 | G13: 1410 | H13: 228 | I13: 0.689 | J13: 6.8
B14: QONQAM | C14: Yes | D14: Ferocene clathrathe | E14: 868 | F14: 6.623 x 16.893 x 12.592 | G14: 1408 | H14: 221 | I14: 0.684 | J14: 6.78
B15: SABVOH01 | C15: Yes | D15: 1,4-dicarboxylic acid | E15: 810 | F15: 17.019 x 6.584 x 12.262 | G15: 1374 | H15: 183 | I15: 0.684 | J15: 6.2
B16: SABVOH | C16: Yes | D16: 1,4-dicarboxylic acid | E16: 816 | F16: 17.129 x 6.628 x 12.182 | G16: 1383 | H16: 178 | I16: 0.671 | J16: 5.98

Sheet Table_S10
B1: Table S10. List of un-modified structures from the CSD.
B3: CSD. REF. CODE
B4: ACENIF
B5: ACODED
B6: ADABAK
B7: AFUJUI
B8: ALICEE
B9: ALICII
B10: ALOLOD
B11: AMAFUQ
B12: ARUYES
B13: AVEROJ
... B348: ZIGFEC

Sheet Table_S11
A1: Table S11. List of space groups as reported by CCDC and as determined following the cleaning procedure in the manuscript.
A3: CSD REF. CODE | B3: CCDC Space Group | C3: This work
A4: ADATEG | B4: 225 | C4: 1
A5: AFEJOK | B5: 12 | C5: 8
A6: ALIXAU | B6: 224 | C6: 1
A7: ALOLES | B7: 15 | C7: 1
A8: ATIJUJ | B8: 148 | C8: 1
A9: AVUPIR | B9: 148 | C9: 1
A10: AXUBAW | B10: 225 | C10: 1
A11: BAKGIF | B11: 65 | C11: 12
A12: BAXSIE | B12: 96 | C12: 92
A13: BEDHOJ | B13: 96 | C13: 92
A14: BEFGEA | B14: 190 | C14: 1
A15: BEKSAM | B15: 14 | C15: 1
... A5112: ZURROT | B5112: 15 | C5112: 15

Sheet Table_S12
A1: Table S12. List of MOFs with common name as reported in CSD.
A3: CSD REF. CODE | B3: Common Name
A4: ACIBIY | B4: MOF-CJ5
A5: ACIBOE | B5: MOF-CJ3
A6: ACUFEK | B6: PCN-6
A7: ADUROI | B7: NJU-Bai9
A8: ADUWIH | B8: MOF-1
A9: ALAMUW | B9: SNU-50
A10: ALOLET | B10: CPM-2-NH!2$
A11: ALOLIX | B11: CPM-2-NH!2$-Cs
A12: ALOLOD | B12: CPM-3
A13: AMUCOB | B13: BioMIL-2
A14: ANUGEW | B14: UMCM-151
... A324: ZILFOR | B324: IFMC-16
